GEOCODE,TAMBON_E,AMPHOE_E,PROV_E,REGION_E,N_YEARS_FLOODED,P_HIST,FC_PROP,P_EVENT,AFF_HH_MEAN,SEV_IDX,HAZARD_SCORE,HAZARD_GRADE,LAT,LONG
960501,Tanyong Mat,Ra-ngae District,Narathiwat,southeast,5,0.977736549,0.188888889,0.940214985,2798.5,0.994552609,93.76541255,5,6.311,101.724
960102,Lamphu,Mueang Narathiwat District,Narathiwat,southeast,5,0.977736549,0.155555556,0.932364832,2599,0.958447315,91.29937007,5,6.379,101.819
960703,Si Sakhon,Si Sakhon District,Narathiwat,southeast,5,0.977736549,0.055555556,0.902764326,2759,0.987508757,89.71260021,5,6.152,101.492
960508,Ba-Ngo Sato,Ra-ngae District,Narathiwat,southeast,5,0.977736549,0.161111111,0.933736538,2193,0.880408894,87.79032449,5,6.277,101.691
960502,Tanyong Limo,Ra-ngae District,Narathiwat,southeast,5,0.977736549,0.188888889,0.940214985,2030,0.847057953,86.83157826,5,6.283,101.775
640702,Nai Mueang,Sawankhalok District,Sukhothai,North,5,0.93592786,0.205555556,0.868230167,5275.5,1,86.82301667,5,17.326,99.878
960507,Kalisa,Ra-ngae District,Narathiwat,southeast,5,0.977736549,0.077777778,0.910206765,2319,0.90534786,86.71302559,5,6.225,101.661
960103,Manang Tayo,Mueang Narathiwat District,Narathiwat,southeast,5,0.977736549,0.155555556,0.932364832,2070.5,0.855465939,86.49855943,5,6.354,101.76
930607,Don Sai,Pak Phayun District,Phatthalung,southeast,5,0.942229199,0.116666667,0.857821517,13231,1,85.78215173,5,7.244,100.321
960506,Bo-Ngo,Ra-ngae District,Narathiwat,southeast,4,0.834879406,0.075,0.887944015,2442.5,0.929142641,85.64853306,5,6.172,101.753
960509,Chaloem,Ra-ngae District,Narathiwat,southeast,5,0.977736549,0.080555556,0.911100114,2174,0.876586696,85.48791768,5,6.291,101.641
960304,Paluka Samo,Bacho District,Narathiwat,southeast,5,0.977736549,0.111111111,0.920409179,2080.5,0.857529295,85.48435064,5,6.608,101.609
960104,Bang Po,Mueang Narathiwat District,Narathiwat,southeast,5,0.977736549,0.155555556,0.932364832,1936.5,0.827320634,85.18647477,5,6.33,101.804
860711,Khao Khai,Sawi District,Chumphon,southeast,5,0.916067836,0.122222222,0.847908304,3771.5,1,84.7908304,5,10.104,98.891
961303,Marue Bo Ok,Cho-airong District,Narathiwat,southeast,5,0.977736549,0.188888889,0.940214985,1824.5,0.803039743,84.76224922,5,6.249,101.875
802004,Chang Sai,Phra Phrom District,Nakhon Si Thammarat,southeast,5,0.914503079,0.183333333,0.840846186,10042,1,84.08461857,5,8.311,99.966
961201,Chanae,Chanae District,Narathiwat,southeast,4,0.834879406,0.077777778,0.889031852,2172.5,0.876284234,83.40382239,5,6.077,101.693
901112,Thung Tam Sao,Hat Yai District,Songkhla,southeast,4,0.775778028,0.266666667,0.833340204,76108,1,83.33402035,5,6.9,100.244
930201,Kong Ra,Kong Ra District,Phatthalung,southeast,5,0.942229199,0.066666667,0.831973202,9744,1,83.19732021,5,7.463,99.877
961102,Su-Ngai Padi,Su-ngai Padi District,Narathiwat,southeast,5,0.977736549,0.144444444,0.929542115,1761,0.788941467,83.14482177,5,6.161,101.931
640105,Yang Sai,Mueang Sukhothai District,Sukhothai,North,5,0.93592786,0.411111111,0.93690286,1681,0.770812878,82.95398249,5,16.974,99.821
961002,Pa Semat,Su-ngai Kolok District,Narathiwat,southeast,5,0.977736549,0.1,0.917131847,1841.5,0.806772278,82.85241985,5,6.054,101.975
950116,Sateng Nok,Mueang Yala District,Yala,southeast,5,0.935960591,0.094444444,0.826769659,8328.5,1,82.67696589,5,6.552,101.324
960601,Rueso,Rueso District,Narathiwat,southeast,5,0.977736549,0.116666667,0.922003073,1754.5,0.787484096,82.40329144,5,6.369,101.508
960106,Kaluwo Nuea,Mueang Narathiwat District,Narathiwat,southeast,5,0.977736549,0.155555556,0.932364832,1661.5,0.76632903,82.34315347,5,6.404,101.862
930305,Chong Thanon,Khao Chaison District,Phatthalung,southeast,5,0.942229199,0.05,0.822561335,16396,1,82.25613346,5,7.489,100.194
930504,Na Khayat,Khuan Khanun District,Phatthalung,southeast,5,0.942229199,0.041666667,0.817702513,19886,1,81.77025128,5,7.687,99.948
960803,Kho Lo,Waeng District,Narathiwat,southeast,5,0.977736549,0.127777778,0.925103486,1643.5,0.762166681,81.509327,5,5.906,101.912
931101,Chumphon,Srinagarindra District,Phatthalung,southeast,5,0.942229199,0.036111111,0.814406243,3101.5,1,81.44062429,5,7.608,99.948
801206,Ko Thuat,Pak Phanang District,Nakhon Si Thammarat,southeast,4,0.771645936,0.177777778,0.803340646,7956,1,80.33406461,5,8.283,100.092
961302,Bu Kit,Cho-airong District,Narathiwat,southeast,4,0.834879406,0.188888889,0.925537653,1526,0.73441641,80.26338466,5,6.182,101.828
860201,Tha Sae,Tha Sae District,Chumphon,southeast,4,0.773210693,0.088888889,0.794335416,3634,1,79.43354162,5,10.663,99.166
960107,Khok Khian,Mueang Narathiwat District,Narathiwat,southeast,5,0.977736549,0.155555556,0.932364832,1374.5,0.697007542,79.11150757,5,6.482,101.763
640106,Ban Kluai,Mueang Sukhothai District,Sukhothai,North,5,0.93592786,0.422222222,0.939449896,1312,0.68097634,78.95965236,5,17.029,99.776
930801,Pa Bon,Pa Bon District,Phatthalung,southeast,4,0.799372057,0.055555556,0.789262442,15472,1,78.9262442,5,7.337,100.171
930901,Tha Maduea,Bang Kaeo District,Phatthalung,southeast,4,0.799372057,0.055555556,0.789262442,9694,1,78.9262442,5,7.451,100.157
960510,Marue Bo Tok,Ra-ngae District,Narathiwat,southeast,5,0.977736549,0.080555556,0.911100114,1516.5,0.732126813,78.90704688,5,6.337,101.66
800114,Mamuang Song Ton,Mueang Nakhon Si Thammarat District,Nakhon Si Thammarat,southeast,4,0.771645936,0.15,0.785415274,20946,1,78.5415274,5,8.397,99.952
800503,Khao Phra,Phipun District,Nakhon Si Thammarat,southeast,5,0.914503079,0.088888889,0.784354456,3256,1,78.43544557,5,8.634,99.615
960801,Waeng,Waeng District,Narathiwat,southeast,5,0.977736549,0.077777778,0.910206765,1456.5,0.71749743,78.16388896,5,5.936,101.835
960402,Lahan,Yi-ngo District,Narathiwat,southeast,5,0.977736549,0.188888889,0.940214985,1222,0.657204772,77.90643799,5,6.396,101.745
960401,Yi Ngo,Yi-ngo District,Narathiwat,southeast,5,0.977736549,0.155555556,0.932364832,1257.5,0.666682572,77.69781079,5,6.382,101.703
960403,Cho Bo,Yi-ngo District,Narathiwat,southeast,5,0.977736549,0.161111111,0.933736538,1227.5,0.658682091,77.43860365,5,6.382,101.66
960608,Khok Sato,Rueso District,Narathiwat,southeast,5,0.977736549,0.113888889,0.921209811,1312.5,0.681106087,77.43257105,5,6.282,101.449
930403,Khlong Yai,Tamot District,Phatthalung,southeast,4,0.799372057,0.033333333,0.774281536,11976,1,77.42815359,5,7.26,100.074
640712,Pa Kum Ko,Sawankhalok District,Sukhothai,North,5,0.93592786,0.222222222,0.875586019,1653,0.764366301,77.24272332,5,17.365,99.794
960605,Batong,Rueso District,Narathiwat,southeast,5,0.977736549,0.091666667,0.914593779,1338,0.687690717,77.17757154,5,6.336,101.445
960301,Bacho,Bacho District,Narathiwat,southeast,5,0.977736549,0.194444444,0.941437482,1135,0.63337809,76.88616782,5,6.514,101.636
950108,Tha Sap,Mueang Yala District,Yala,southeast,5,0.935960591,0.133333333,0.847693081,1854,0.80950581,76.69527774,5,6.538,101.235
900501,Thepha,Thepha District,Songkhla,southeast,4,0.775778028,0.155555556,0.763198517,15106,1,76.31985175,5,6.82,100.94
950103,Yu Po,Mueang Yala District,Yala,southeast,5,0.935960591,0.075,0.815483979,2147,0.871126304,76.29367615,5,6.597,101.283
801301,Ron Phibun,Ron Phibun District,Nakhon Si Thammarat,southeast,4,0.771645936,0.116666667,0.762376045,4982,1,76.23760447,5,8.189,99.832
800304,Kamlon,Lan Saka District,Nakhon Si Thammarat,southeast,4,0.771645936,0.113888889,0.760381233,4701,1,76.03812333,5,8.442,99.757
961202,Du Song Yo,Chanae District,Narathiwat,southeast,4,0.834879406,0.075,0.887944015,1437,0.712678224,76.03811892,5,6.123,101.643
960701,Sa Ko,Si Sakhon District,Narathiwat,southeast,5,0.977736549,0.083333333,0.911985436,1243,0.66282773,75.82373361,5,6.23,101.522
960404,Lubo Baya,Yi-ngo District,Narathiwat,southeast,5,0.977736549,0.161111111,0.933736538,1091,0.620979811,75.6784038,5,6.422,101.663
900701,Ranot,Ranot District,Songkhla,southeast,5,0.918635171,0.083333333,0.754006135,7692,1,75.40061355,5,7.741,100.296
860409,Pak Nam,Lang Suan District,Chumphon,southeast,4,0.773210693,0.094444444,0.797899697,2240,0.889793265,75.39327367,5,9.955,99.151
960804,Lo Chut,Waeng District,Narathiwat,southeast,5,0.977736549,0.094444444,0.915447537,1165,0.641694132,75.14424248,5,5.831,101.834
901301,Rattaphum,Khuan Niang District,Songkhla,southeast,4,0.775778028,0.138888889,0.751086861,3242.5,1,75.1086861,5,7.182,100.37
801209,Laem Talumphuk,Pak Phanang District,Nakhon Si Thammarat,southeast,4,0.771645936,0.1,0.750236088,26756,1,75.02360881,5,8.458,100.196
630803,Mo Kro,Umphang District,Tak,North,5,0.948979592,0.033333333,0.824934635,1820,0.802048811,74.32862393,5,16.22,98.964
900607,Khao Daeng,Saba Yoi District,Songkhla,southeast,4,0.775778028,0.125,0.740682406,2931,1,74.06824059,5,6.505,100.802
640612,Wang Yai,Si Samrong District,Sukhothai,North,5,0.93592786,0.288888889,0.901570143,1125,0.630581705,73.50418901,5,17.118,99.765
900703,Takhria,Ranot District,Songkhla,southeast,4,0.775778028,0.116666667,0.734305702,6948,1,73.43057018,5,7.8185,100.2625
901402,Tha Chang,Bang Klam District,Songkhla,southeast,4,0.775778028,0.116666667,0.734305702,4974.5,1,73.43057018,5,7.048,100.378
950118,Tase,Mueang Yala District,Yala,southeast,4,0.793103448,0.144444444,0.821312882,1727,0.781288216,73.14974788,5,6.62,101.253
960706,Si Banphot,Si Sakhon District,Narathiwat,southeast,5,0.977736549,0.052777778,0.90179624,1061.5,0.612526813,72.70853082,5,6.152,101.574
950109,Lam Mai,Mueang Yala District,Yala,southeast,5,0.935960591,0.066666667,0.81047601,1776,0.792294399,72.63058067,5,6.583,101.205
960208,Khosit,Tak Bai District,Narathiwat,southeast,4,0.834879406,0.105555556,0.899410141,1069,0.6146869,72.61328865,5,6.175,102.052
960206,Ko Sathon,Tak Bai District,Narathiwat,southeast,4,0.834879406,0.105555556,0.899410141,1060,0.612093881,72.49667925,5,6.22,102.059
901505,Wat Khanun,Singhanakhon District,Songkhla,southeast,4,0.775778028,0.1,0.721255999,7869,1,72.12559985,5,7.304,100.497
961301,Chuap,Cho-airong District,Narathiwat,southeast,4,0.834879406,0.188888889,0.925537653,881.5,0.558182561,72.1078315,5,6.256,101.817
950104,Li Don,Mueang Yala District,Yala,southeast,5,0.935960591,0.066666667,0.81047601,1712,0.777887845,72.04677234,5,6.551,101.166
802104,Na Reng,Nopphitam District,Nakhon Si Thammarat,southeast,5,0.914503079,0.136111111,0.81425235,1647.5,0.76309361,71.78015577,5,8.66,99.745
960202,Phrai Wan,Tak Bai District,Narathiwat,southeast,5,0.977736549,0.161111111,0.933736538,802,0.53241746,71.54370868,5,6.3,101.958
802101,Nopphitam,Nopphitam District,Nakhon Si Thammarat,southeast,5,0.914503079,0.130555556,0.810908121,1648.5,0.763325166,71.4947349,5,8.744,99.772
840208,Pa Ron,Kanchanadit District,Surat Thani,southeast,5,0.904969621,0.052777778,0.742792603,2386.5,0.918429499,71.24976204,5,8.97,99.521
900306,Na Thap,Chanae District,Songkhla,southeast,4,0.775778028,0.088888889,0.712341044,35217,1,71.23410444,5,7.035,100.7
570106,Mae Yao,Mueang Chiang Rai District,Chiangrai,North,5,0.887506222,0.111111111,0.712104835,7602.5,1,71.21048354,5,19.991,99.729
802102,Krung Ching,Nopphitam District,Nakhon Si Thammarat,southeast,5,0.914503079,0.130555556,0.810908121,1614,0.755295453,71.16916694,5,8.804,99.635
900301,Ban Na,Chanae District,Songkhla,southeast,4,0.775778028,0.083333333,0.707820383,5798,1,70.78203833,5,6.901,100.742
900901,Kamphaeng Phet,Rattaphum District,Songkhla,southeast,4,0.775778028,0.083333333,0.707820383,16899,1,70.78203833,5,7.087,100.287
960802,Kayu Khla,Waeng District,Narathiwat,southeast,5,0.977736549,0.155555556,0.932364832,734.5,0.509519729,70.37115544,5,5.974,101.911
950102,Bu Di,Mueang Yala District,Yala,southeast,5,0.935960591,0.091666667,0.82519147,1407,0.705199757,70.35581473,5,6.487,101.305
960805,Mae Dong,Waeng District,Narathiwat,southeast,4,0.834879406,0.091666667,0.894333306,915,0.568690079,70.14658922,5,5.892,101.82
640205,Taling Chan,Ban Dan Lan Hoi District,Sukhothai,North,4,0.793070717,0.066666667,0.750473393,2126,0.866855552,70.05127101,5,17.156,99.414
950608,Tha Thong,Raman District,Yala,southeast,5,0.935960591,0.091666667,0.82519147,1352,0.691279139,69.78145596,5,6.565,101.458
860109,Hat Phan Krai,Mueang Chumphon District,Chumphon,southeast,2,0.487496407,0.077777778,0.697789882,4232,1,69.77898822,5,10.561,99.143
960302,Lubo Sawo,Bacho District,Narathiwat,southeast,5,0.977736549,0.194444444,0.941437482,630,0.471884139,69.28434489,5,6.486,101.667
960702,Tama Yung,Si Sakhon District,Narathiwat,southeast,5,0.977736549,0.111111111,0.920409179,720,0.504465364,69.23618651,5,6.282,101.515
630804,Mae Chan,Umphang District,Tak,North,5,0.948979592,0.030555556,0.823343301,1305,0.679157281,69.12614495,5,15.727,98.716
640609,Ban Rai,Si Samrong District,Sukhothai,North,4,0.793070717,0.277777778,0.873868207,956.5,0.581443597,69.09866406,5,17.164,99.764
961104,Sako,Su-ngai Padi District,Narathiwat,southeast,5,0.977736549,0.155555556,0.932364832,645,0.477468761,68.87699564,5,6.008,101.849
960902,Sukhirin,Sukhirin District,Narathiwat,southeast,5,0.977736549,0.105555556,0.918785582,703,0.498474295,68.83882887,5,5.951,101.697
640703,Khlong Krachong,Sawankhalok District,Sukhothai,North,5,0.93592786,0.294444444,0.903501755,776,0.523716149,68.83401072,5,17.239,99.828
900401,Na Thawi,Na Thawi District,Songkhla,southeast,4,0.775778028,0.058333333,0.686972576,25139,1,68.69725761,5,6.693,100.777
950609,Noen Ngam,Raman District,Yala,southeast,5,0.935960591,0.088888889,0.823601971,1253,0.665488631,68.58498601,5,6.508,101.347
640601,Khlong Tan,Si Samrong District,Sukhothai,North,4,0.793070717,0.144444444,0.803540708,1401,0.703694526,68.44939527,5,17.158,99.858
960306,Bare Tai,Bacho District,Narathiwat,southeast,5,0.977736549,0.105555556,0.918785582,675.5,0.488627361,68.38646783,5,6.539,101.693
960704,Choeng Khiri,Si Sakhon District,Narathiwat,southeast,5,0.977736549,0.055555556,0.902764326,739,0.511078162,68.20737296,5,6.27,101.57
960705,Kalong,Si Sakhon District,Narathiwat,southeast,5,0.977736549,0.133333333,0.926610867,630.5,0.472071357,68.20186584,5,6.213,101.414
500204,Khuang Pao,Chom Thong District,Chiang Mai,North,5,0.883753501,0.166666667,0.697983804,2576,0.954196973,68.19989181,5,18.472,98.726
901603,Khok Muang,Khlong Hoi Khong District,Songkhla,southeast,3,0.632920885,0.111111111,0.681211984,3664,1,68.12119837,5,6.875,100.406
930307,Khok Muang,Khao Chaison District,Phatthalung,southeast,5,0.942229199,0.144444444,0.870694203,900,0.564009423,68.0886969,5,7.389,100.067
950614,Wang Phaya,Raman District,Yala,southeast,5,0.935960591,0.075,0.815483979,1259,0.667080077,67.97385472,5,6.544,101.375
801905,Na Mo Bun,Chulabhorn District,Nakhon Si Thammarat,southeast,5,0.914503079,0.122222222,0.805805533,1330,0.685631758,67.91456991,5,8.03,99.813
640401,Kong,Kong Krailat District,Sukhothai,North,5,0.93592786,0.394444444,0.932894459,580,0.452771521,67.76412509,5,16.893,99.984
960604,Samakkhi,Rueso District,Narathiwat,southeast,5,0.977736549,0.15,0.93096683,580.5,0.452966639,67.63318729,5,6.423,101.587
801405,Plian,Sichon District,Nakhon Si Thammarat,southeast,5,0.914503079,0.263888889,0.878995428,801,0.532085426,67.33480423,5,8.833,99.87
640107,Ban Lum,Mueang Sukhothai District,Sukhothai,North,5,0.93592786,0.405555556,0.935592178,539,0.436475115,67.19774407,5,16.983,99.87
560506,San Khong,Dok Khamtai District,Phayao,North,4,0.756902761,0.130555556,0.671946982,4149,1,67.19469819,5,19.195,100.034
960405,Lubo Buesa,Yi-ngo District,Narathiwat,southeast,5,0.977736549,0.155555556,0.932364832,547,0.439702331,67.11639111,5,6.43,101.725
500308,Kong Khaek,Mae Chaem District,Chiang Mai,North,5,0.883753501,0.133333333,0.669507376,3000,1,66.95073763,5,18.358,98.376
960205,Bang Khun Thong,Tak Bai District,Narathiwat,southeast,5,0.977736549,0.161111111,0.933736538,533,0.434038956,66.95072846,5,6.234,101.967
960607,Rueso Ok,Rueso District,Narathiwat,southeast,5,0.977736549,0.166666667,0.935082361,526.5,0.431384258,66.92310858,5,6.394,101.554
901006,Tha Pho,Sadao District,Songkhla,southeast,4,0.775778028,0.211111111,0.800574953,1268.5,0.669592131,66.83168204,5,6.796,100.416
501803,Mae Tuen,Omkoi District,Chiang Mai,North,5,0.883753501,0.130555556,0.667073404,5832,1,66.70734042,5,17.398,98.395
960105,Kaluwo,Mueang Narathiwat District,Narathiwat,southeast,5,0.977736549,0.155555556,0.932364832,522.5,0.429742447,66.65207882,5,6.342,101.874
500301,Chang Khoeng,Mae Chaem District,Chiang Mai,North,5,0.883753501,0.127777778,0.664630486,15011.5,1,66.46304858,5,18.552,98.401
960406,Tapo Yo,Yi-ngo District,Narathiwat,southeast,5,0.977736549,0.161111111,0.933736538,506,0.422902608,66.43080775,5,6.457,101.663
801402,Thung Prang,Sichon District,Nakhon Si Thammarat,southeast,5,0.914503079,0.233333333,0.865550114,802,0.53241746,66.31920539,5,8.958,99.876
640305,Si Khiri Mat,Khiri Mat District,Sukhothai,North,3,0.650213574,0.077777778,0.712956267,2090,0.859484894,66.28657045,5,16.827,99.706
961003,Mu No,Su-ngai Kolok District,Narathiwat,southeast,5,0.977736549,0.133333333,0.926610867,522.5,0.429742447,66.24074443,5,6.108,102.052
900314,Taling Chan,Chanae District,Songkhla,southeast,3,0.632920885,0.088888889,0.661840947,2961,1,66.18409474,5,6.969,100.742
950606,Ke Ro,Raman District,Yala,southeast,5,0.935960591,0.088888889,0.823601971,1025,0.601903735,65.96655369,5,6.535,101.576
960606,La Lo,Rueso District,Narathiwat,southeast,4,0.834879406,0.083333333,0.89117982,644,0.477098487,65.81801818,5,6.343,101.59
960207,Na Nak,Tak Bai District,Narathiwat,southeast,4,0.834879406,0.105555556,0.899410141,607.5,0.463381026,65.80898674,5,6.142,102.07
900705,Ban Mai,Ranot District,Songkhla,southeast,4,0.775778028,0.116666667,0.734305702,1774,0.791848162,65.7882161,5,7.8005,100.294
500304,Mae Suek,Mae Chaem District,Chiang Mai,North,5,0.883753501,0.130555556,0.667073404,2667,0.970904722,65.73690609,5,18.738,98.224
960901,Ma Mong,Sukhirin District,Narathiwat,southeast,5,0.977736549,0.155555556,0.932364832,475.5,0.409958944,65.72980669,5,5.876,101.764
500303,Ban Thap,Mae Chaem District,Chiang Mai,North,5,0.883753501,0.119444444,0.657249049,4954,1,65.72490486,5,18.342,98.234
500305,Mae Na Chon,Mae Chaem District,Chiang Mai,North,5,0.883753501,0.119444444,0.657249049,5615,1,65.72490486,5,18.802,98.373
900106,Ko Yo,Mueang Songkhla District,Songkhla,southeast,3,0.632920885,0.083333333,0.656908901,38494,1,65.6908901,5,7.167,100.5295
961203,Phadung Mat,Chanae District,Narathiwat,southeast,4,0.834879406,0.15,0.914226186,530.5,0.433019844,65.50521334,5,6.132,101.728
500901,Wiang,Fang District,Chiang Mai,North,5,0.883753501,0.116666667,0.65477135,2894,1,65.47713496,5,19.944,99.214
640711,Pak Nam,Sawankhalok District,Sukhothai,North,5,0.93592786,0.183333333,0.857851883,780,0.525064198,65.4139597,5,17.233,99.925
901002,Prik,Sadao District,Songkhla,southeast,4,0.775778028,0.019444444,0.653007759,3203,1,65.30077591,5,6.694,100.473
801304,Khuan Koei,Ron Phibun District,Nakhon Si Thammarat,southeast,4,0.771645936,0.122222222,0.766331266,1398,0.702940702,65.25083524,5,8.14,99.9
900304,Sakom,Chanae District,Songkhla,southeast,4,0.775778028,0.066666667,0.694011906,2191,0.880007339,65.23737381,5,6.935,100.794
500302,Tha Pha,Mae Chaem District,Chiang Mai,North,5,0.883753501,0.113888889,0.652285215,4098.5,1,65.22852153,5,18.485,98.416
500205,Sop Tia,Chom Thong District,Chiang Mai,North,5,0.883753501,0.122222222,0.659718207,2674.5,0.972268927,65.05708599,5,18.352,98.668
910105,Chalung,Mueang Satun District,Satun,southwest,5,0.87755102,0.072222222,0.649875721,3977.5,1,64.98757214,5,6.725,100.035
960203,Phron,Tak Bai District,Narathiwat,southeast,4,0.834879406,0.105555556,0.899410141,546.5,0.439501325,64.73510448,5,6.202,102.014
500209,Mae Soi,Chom Thong District,Chiang Mai,North,5,0.883753501,0.108333333,0.647288073,4164,1,64.72880727,5,18.222,98.721
960609,Suwari,Rueso District,Narathiwat,southeast,4,0.834879406,0.094444444,0.895366425,553.5,0.442307107,64.56966795,5,6.458,101.611
500701,Rim Tai,Mae Rim District,Chiang Mai,North,5,0.883753501,0.111111111,0.649790753,2718,0.980143878,64.33395909,5,18.914,98.964
841002,Ton Yuan,Phanom District,Surat Thani,southeast,4,0.762112479,0.155555556,0.774083423,1228,0.658816229,64.20310721,5,8.776,98.9
961004,Puyo,Su-ngai Kolok District,Narathiwat,southeast,4,0.834879406,0.1,0.897405927,514,0.426232601,63.9954795,5,6.109,101.993
570103,Ban Du,Mueang Chiang Rai District,Chiangrai,North,4,0.744649079,0.086111111,0.639118077,4805,1,63.91180768,5,19.971,99.847
501804,Mon Chong,Omkoi District,Chiang Mai,North,5,0.883753501,0.097222222,0.637197408,3228,1,63.71974083,5,17.43,98.5
960603,Riang,Rueso District,Narathiwat,southeast,4,0.834879406,0.061111111,0.882364166,554.5,0.442706482,63.64962508,5,6.398,101.445
640301,Tanot,Khiri Mat District,Sukhothai,North,4,0.793070717,0.433333333,0.927605093,390,0.371276455,63.6001512,5,16.839,99.824
960602,Sawo,Rueso District,Narathiwat,southeast,4,0.834879406,0.116666667,0.903314457,469.5,0.407364241,63.56462326,5,6.434,101.507
141206,Hua Wiang,Sena District,Phra Nakhon Si Ayudhya,Central,4,0.760628845,0.305555556,0.810872773,901,0.564322675,63.42333328,5,14.376,100.402
860301,Bang Son,Pathio District,Chumphon,southeast,4,0.773210693,0.094444444,0.797899697,973,0.586437219,63.29088878,5,10.658,99.264
801401,Sichon,Sichon District,Nakhon Si Thammarat,southeast,5,0.914503079,0.15,0.822412729,801,0.532085426,63.00032782,5,9.008,99.902
961106,Kawa,Su-ngai Padi District,Narathiwat,southeast,5,0.977736549,0.155555556,0.932364832,345.5,0.349453288,62.9091394,5,6.02,101.889
941012,Khao Tum,Yarang District,Pattani,southeast,4,0.754924579,0.072222222,0.628154599,4032,1,62.81545992,5,6.603,101.314
502503,Chaem Luang,Galayani Vadhana District,Chiang Mai,North,5,0.883753501,0.105555556,0.644777284,2534.5,0.94647959,62.7522912,5,19.011,98.218
900310,Chanong,Chanae District,Songkhla,southeast,4,0.775778028,0.111111111,0.729999388,1459,0.718112938,62.71106962,5,7.006,100.67
501706,Pong Thung,Doi Tao District,Chiang Mai,North,5,0.883753501,0.086111111,0.626984422,12933,1,62.69844221,5,17.836,98.736
570708,Pa Tueng,Mae Chan District,Chiangrai,North,4,0.744649079,0.138888889,0.685713367,1942.5,0.828601316,62.69481832,5,20.134,99.77
950114,Phron,Mueang Yala District,Yala,southeast,5,0.935960591,0.069444444,0.812156809,831,0.541957982,62.61558373,5,6.563,101.229
950605,Kota Baru,Raman District,Yala,southeast,5,0.935960591,0.111111111,0.836002809,697,0.496342535,62.54732812,5,6.452,101.345
960303,Kayo Mati,Bacho District,Narathiwat,southeast,5,0.977736549,0.058333333,0.903723889,415,0.382991516,62.49212354,5,6.545,101.625
640411,Ban Mai Suk Kasem,Kong Krailat District,Sukhothai,North,4,0.793070717,0.3,0.883236297,477.5,0.410820203,62.3043806,5,16.954,100.078
801404,Sao Phao,Sichon District,Nakhon Si Thammarat,southeast,5,0.914503079,0.133333333,0.812585975,801,0.532085426,62.24755644,5,8.89,99.904
941010,Mo Mawi,Yarang District,Pattani,southeast,3,0.612067436,0.133333333,0.629620966,2700,0.976892977,62.23466333,5,6.67,101.303
560401,Chiang Muan,Chiang Muan District,Phayao,North,4,0.756902761,0.130555556,0.671946982,2050,0.851220425,62.19609885,5,18.888,100.334
910201,Khuan Don,Khuan Don District,Satun,southwest,5,0.87755102,0.061111111,0.639817893,2522,0.944142715,62.19486477,5,6.814,100.06
501802,Yang Piang,Omkoi District,Chiang Mai,North,5,0.883753501,0.080555556,0.621834475,5102,1,62.18344752,5,17.682,98.392
961101,Paluru,Su-ngai Padi District,Narathiwat,southeast,5,0.977736549,0.155555556,0.932364832,309,0.330479363,62.02460838,5,6.073,101.905
640708,Khlong Yang,Sawankhalok District,Sukhothai,North,5,0.93592786,0.177777778,0.855152988,562,0.445690383,61.81432256,5,17.414,99.915
950616,Talo Halo,Raman District,Yala,southeast,5,0.935960591,0.097222222,0.828336563,684,0.491692016,61.7811519,5,6.479,101.485
950604,Koto Tuera,Raman District,Yala,southeast,5,0.935960591,0.083333333,0.820388943,724,0.505864716,61.76973816,5,6.5,101.389
841205,Tha Chi,Ban Na San District,Surat Thani,southeast,3,0.619255336,0.066666667,0.655857669,2205,0.882814387,61.74291271,5,8.756,99.275
801408,Khao Noi,Sichon District,Nakhon Si Thammarat,southeast,5,0.914503079,0.122222222,0.805805533,801,0.532085426,61.72814569,5,8.945,99.787
950615,A Song,Raman District,Yala,southeast,5,0.935960591,0.091666667,0.82519147,693.5,0.495094769,61.68697254,5,6.52,101.451
961204,Chang Phueak,Chanae District,Narathiwat,southeast,4,0.834879406,0.1,0.897405927,396,0.374121527,61.65724014,5,5.997,101.573
960305,Bare Nuea,Bacho District,Narathiwat,southeast,5,0.977736549,0.138888889,0.928090269,305.5,0.328602386,61.65314726,5,6.571,101.613
960204,Sala Mai,Tak Bai District,Narathiwat,southeast,5,0.977736549,0.15,0.93096683,297,0.323998746,61.62994579,5,6.282,102.008
560801,Phu Sang,Phu Sang District,Phayao,North,3,0.614045618,0.127777778,0.615561762,4793,1,61.55617618,5,19.671,100.378
640713,Mueang Bang Khlang,Sawankhalok District,Sukhothai,North,4,0.793070717,0.166666667,0.81703856,724,0.505864716,61.51747698,5,17.242,99.71
900305,Na Wa,Chanae District,Songkhla,southeast,3,0.632920885,0.069444444,0.644431456,2337,0.908854708,61.50630093,5,6.896,100.655
501805,Sop Khong,Omkoi District,Chiang Mai,North,5,0.883753501,0.072222222,0.614058072,4327.5,1,61.40580722,5,17.654,98.217
900711,Ban Khao,Ranot District,Songkhla,southeast,5,0.918635171,0.116666667,0.777620169,940,0.576406716,61.29228283,5,7.797,100.2325
950110,Na Tham,Mueang Yala District,Yala,southeast,4,0.793103448,0.069444444,0.773610864,960,0.582506427,61.21220824,5,6.525,101.225
501801,Omkoi,Omkoi District,Chiang Mai,North,5,0.883753501,0.069444444,0.611452728,7103.5,1,61.14527283,5,17.915,98.335
802303,Suan Luang,Chaloem Phra Kiat District,Nakhon Si Thammarat,southeast,5,0.914503079,0.183333333,0.840846186,571.5,0.449441553,60.93787007,5,8.139,100.037
900702,Khlong Daen,Ranot District,Songkhla,southeast,5,0.918635171,0.122222222,0.781394411,885,0.559289596,60.92100878,5,7.912,100.319
961103,To Deng,Su-ngai Padi District,Narathiwat,southeast,4,0.834879406,0.044444444,0.875352014,433.5,0.391435001,60.89977151,5,6.116,101.849
950613,Yata,Raman District,Yala,southeast,4,0.793103448,0.113888889,0.802895445,730,0.507956515,60.53657086,5,6.426,101.407
941003,Prachan,Yarang District,Pattani,southeast,4,0.754924579,0.138888889,0.687363685,1630,0.759029941,60.45466514,5,6.797,101.289
950112,Po Seng,Mueang Yala District,Yala,southeast,5,0.935960591,0.138888889,0.850506675,500,0.420387803,60.40246538,5,6.511,101.201
640102,Ban Suan,Mueang Sukhothai District,Sukhothai,North,5,0.93592786,0.4,0.934256181,242,0.292464251,60.37463575,5,17.045,99.903
860304,Chum Kho,Pathio District,Chumphon,southeast,5,0.916067836,0.166666667,0.869207007,425.5,0.387806324,60.31454907,5,10.734,99.373
501208,Thung Satok,San Pa Tong District,Chiang Mai,North,5,0.883753501,0.144444444,0.679151893,1695,0.774016033,60.24131733,5,18.586,98.849
570305,Huai So,Chiang Khong District,Chiangrai,North,4,0.744649079,0.108333333,0.659120352,1938,0.82764099,60.23176868,5,20.061,100.284
840211,Tha Uthae,Kanchanadit District,Surat Thani,southeast,5,0.904969621,0.1,0.776813135,858,0.550691977,60.22989482,5,9.113,99.639
650404,Wang I Thok,Bang Rakam District,Phitsanu Lok,North,4,0.768049155,0.261111111,0.798909974,728,0.507260207,60.20826065,5,16.665,100.164
860707,Khron,Sawi District,Chumphon,southeast,5,0.916067836,0.122222222,0.847908304,498.5,0.419756748,60.19117681,5,10.311,99.063
960904,Phu Khao Thong,Sukhirin District,Narathiwat,southeast,5,0.977736549,0.080555556,0.911100114,281,0.315150692,59.9116973,5,5.796,101.7
801306,Khuan Chum,Ron Phibun District,Nakhon Si Thammarat,southeast,5,0.914503079,0.133333333,0.812585975,636,0.474125881,59.8927008,5,8.183,99.919
860803,Tako,Thung Tako District,Chumphon,southeast,4,0.773210693,0.108333333,0.806607861,661,0.483354577,59.8242731,5,10.056,98.974
650410,Tha Nang Ngam,Bang Rakam District,Phitsanu Lok,North,4,0.768049155,0.272222222,0.805873176,655,0.481155833,59.68118779,5,16.81,100.114
860112,Ban Na,Mueang Chumphon District,Chumphon,southeast,5,0.916067836,0.133333333,0.853485985,443,0.395700836,59.56055516,5,10.437,98.952
860405,Na Phaya,Lang Suan District,Chumphon,southeast,5,0.916067836,0.211111111,0.887917337,329,0.341006812,59.53515985,5,9.872,99.12
960903,Kia,Sukhirin District,Narathiwat,southeast,5,0.977736549,0.080555556,0.911100114,263,0.304889859,59.44426499,5,5.984,101.775
500207,Doi Kaeo,Chom Thong District,Chiang Mai,North,5,0.883753501,0.108333333,0.647288073,1962.5,0.832856037,59.31929258,5,18.39,98.576
630404,Mae Tuen,Mae Ramat District,Tak,North,5,0.948979592,0.088888889,0.854425387,421,0.385750194,59.20100727,5,17.194,98.566
900210,Bo Daeng,Sathing Phra District,Songkhla,southeast,2,0.490063742,0.072222222,0.591545462,7669,1,59.15454625,5,7.406,100.454
640610,Thap Phueng,Si Samrong District,Sukhothai,North,5,0.93592786,0.283333333,0.899604162,276,0.312334276,59.02906879,5,17.084,99.83
901005,Thung Mo,Sadao District,Songkhla,southeast,4,0.775778028,0.038888889,0.670212226,1620,0.756698046,58.86802543,5,6.745,100.378
961105,Ri Ko,Su-ngai Padi District,Narathiwat,southeast,5,0.977736549,0.144444444,0.929542115,197,0.263874983,58.74125126,5,6.057,101.845
840213,Khlong Sa,Kanchanadit District,Surat Thani,southeast,5,0.904969621,0.1,0.776813135,722,0.505165524,58.46161751,5,8.976,99.626
530708,Ban Khon,Phichai District,Auttaradit,North,4,0.735303076,0.327777778,0.770500337,755,0.516581181,58.42631554,5,17.208,100.138
900311,Khu,Chanae District,Songkhla,southeast,3,0.632920885,0.066666667,0.641911582,1900,0.819486693,58.39747909,5,6.842,100.695
940109,Paka Harang,Mueang Pattani District,Pattani,southeast,4,0.754924579,0.144444444,0.692063159,1337.5,0.687562213,58.3949818,5,6.833,101.232
501806,Na Kian,Omkoi District,Chiang Mai,North,5,0.883753501,0.086111111,0.626984422,2090,0.859484894,58.29340309,5,17.864,98.156
640403,Krai Nok,Kong Krailat District,Sukhothai,North,4,0.793070717,0.277777778,0.873868207,310.5,0.331280526,58.16818635,5,16.907,100.083
950601,Kayu Boko,Raman District,Yala,southeast,5,0.935960591,0.111111111,0.836002809,432,0.390757191,58.13384591,5,6.476,101.413
840406,Bo Phut,Ko Samui District,Surat Thani,southeast,2,0.476398193,0.044444444,0.579757482,5635,1,57.97574822,5,9.533,100.06
801406,Si Khit,Sichon District,Nakhon Si Thammarat,southeast,5,0.914503079,0.183333333,0.840846186,403.5,0.377647727,57.91949181,5,9.023,99.786
730609,Tha Talat,Sam Phran District,Nakhon Prathom,Central,5,0.923629829,0.127777778,0.77061613,704.5,0.499005812,57.75790287,5,13.751,100.234
801502,Khuan Thong,Khanom District,Nakhon Si Thammarat,southeast,5,0.914503079,0.205555556,0.852252222,350.5,0.351972811,57.61109161,5,9.181,99.782
141208,Ban Pho,Sena District,Phra Nakhon Si Ayudhya,Central,4,0.760628845,0.3,0.807482085,514,0.426232601,57.5828637,5,14.351,100.394
140806,Tha Din Daeng,Phak Hai District,Phra Nakhon Si Ayudhya,Central,4,0.760628845,0.35,0.836356923,401,0.376475997,57.56126144,5,14.416,100.388
570303,Khrueng,Chiang Khong District,Chiangrai,North,3,0.601791936,0.077777778,0.575255569,2843,1,57.52555695,5,20.058,100.402
501504,Nong Tong,Hang Dong District,Chiang Mai,North,3,0.598039216,0.15,0.574758322,3147,1,57.47583216,5,18.613,98.945
640104,Mueang Kao,Mueang Sukhothai District,Sukhothai,North,5,0.93592786,0.288888889,0.901570143,212.5,0.274059318,57.43269204,5,17.043,99.824
950602,Kalupang,Raman District,Yala,southeast,5,0.935960591,0.086111111,0.822001137,442.5,0.395477466,57.3542032,5,6.464,101.374
900902,Tha Chamuang,Rattaphum District,Songkhla,southeast,4,0.775778028,0.072222222,0.698655257,1165,0.641694132,57.34891178,5,7.132,100.106
860703,Thung Raya,Sawi District,Chumphon,southeast,5,0.916067836,0.155555556,0.86413254,302,0.326714626,57.32286395,5,10.277,98.945
501214,Nam Bo Luang,San Pa Tong District,Chiang Mai,North,4,0.740896359,0.088888889,0.573221978,5190,1,57.32219776,5,18.674,98.841
960806,Erawan,Waeng District,Narathiwat,southeast,4,0.834879406,0.144444444,0.912488453,183.5,0.254673138,57.24373754,5,5.973,101.842
560116,Tha Champi,Mueang Phayao District,Phayao,North,3,0.614045618,0.080555556,0.570550078,3047,1,57.05500784,5,19.245,99.815
500307,Pang Hin Fon,Mae Chaem District,Chiang Mai,North,4,0.740896359,0.086111111,0.570533765,3274.5,1,57.0533765,5,18.451,98.136
960905,Rom Sai,Sukhirin District,Narathiwat,southeast,4,0.834879406,0.052777778,0.878901845,245.5,0.294571586,56.89006776,5,6.048,101.759
960201,Che He,Tak Bai District,Narathiwat,southeast,4,0.834879406,0.094444444,0.895366425,207,0.270489417,56.8776784,5,6.257,102.051
640608,Wat Ko,Si Samrong District,Sukhothai,North,5,0.93592786,0.266666667,0.893495626,211,0.273090337,56.87503237,5,17.188,99.827
910502,La-Ngu,La-ngu District,Satun,southwest,5,0.87755102,0.205555556,0.758692154,702,0.498119635,56.83058062,5,6.842,99.826
630403,Khane Chue,Mae Ramat District,Tak,North,5,0.948979592,0.066666667,0.843156242,339.5,0.346405672,56.76151736,5,17.055,98.541
900307,Nam Khao,Chanae District,Songkhla,southeast,4,0.775778028,0.027777778,0.660433346,1459,0.718112938,56.73495377,5,6.805,100.609
900804,Krasae Sin,Krasae Sin District,Songkhla,southeast,3,0.632920885,0.083333333,0.656908901,1482,0.72375105,56.61737041,5,7.589666667,100.3233333
502001,Mueang Haeng,Wiang Haeng District,Chiang Mai,North,4,0.740896359,0.080555556,0.565144992,4610.5,1,56.5144992,5,19.515,98.639
900205,Chumphon,Sathing Phra District,Songkhla,southeast,2,0.490063742,0.044444444,0.564773967,10468,1,56.47739674,5,7.603,100.385
640714,Nong Klap,Sawankhalok District,Sukhothai,North,4,0.793070717,0.355555556,0.904048156,176,0.249414351,56.47653705,5,17.245,99.782
802301,Chian Khao,Chaloem Phra Kiat District,Nakhon Si Thammarat,southeast,5,0.914503079,0.183333333,0.840846186,333,0.343073539,56.4659131,5,8.184,100.078
900704,Tha Bon,Ranot District,Songkhla,southeast,5,0.918635171,0.116666667,0.777620169,578,0.451990206,56.45484347,5,7.842,100.342
801403,Chalong,Sichon District,Nakhon Si Thammarat,southeast,5,0.914503079,0.144444444,0.819182795,404,0.377881637,56.43684655,5,8.89,99.773
940201,Khok Pho,Khok Pho District,Pattani,southeast,4,0.754924579,0.122222222,0.67303501,1296,0.676811308,56.42763577,5,6.732,101.061
950502,La-Ae,Yaha District,Yala,southeast,5,0.935960591,0.069444444,0.812156809,425.5,0.387806324,56.35581781,5,6.466,101.186
630702,Chong Khaep,Phop Phra District,Tak,North,5,0.948979592,0.272222222,0.92374874,136,0.219247454,56.31391499,5,16.512,98.749
640408,Kok Raet,Kong Krailat District,Sukhothai,North,4,0.793070717,0.255555556,0.863864353,260,0.303145956,56.28706692,5,17.005,100.027
950301,Bannang Sata,Bannang Sata District,Yala,southeast,4,0.793103448,0.069444444,0.773610864,579,0.452381032,56.17888727,5,6.25,101.233
630703,Khiri Rat,Phop Phra District,Tak,North,5,0.948979592,0.136111111,0.876142469,224,0.281377337,56.13345515,5,16.537,98.845
140801,Phak Hai,Phak Hai District,Phra Nakhon Si Ayudhya,Central,4,0.760628845,0.344444444,0.833329206,340,0.346660663,56.11058309,5,14.462,100.379
801409,Thung Sai,Sichon District,Nakhon Si Thammarat,southeast,5,0.914503079,0.122222222,0.805805533,433,0.391209195,56.05220336,5,9.06,99.89
500803,Mae Sap,Samoeng District,Chiang Mai,North,4,0.740896359,0.127777778,0.610336284,1975,0.835504234,56.01374169,5,18.945,98.641
901506,Chalae,Singhanakhon District,Songkhla,southeast,4,0.775778028,0.094444444,0.716819744,896,0.562754673,56.01067022,5,7.308,100.441
850405,Lamliang,Kra Buri District,Ranong,southwest,4,0.696598639,0.183333333,0.728484408,805.5,0.533577954,55.85938143,5,10.287,98.842
860403,Tha Maphla,Lang Suan District,Chumphon,southeast,5,0.916067836,0.161111111,0.866690203,234,0.287589505,55.7970605,5,9.929,99.045
500804,Bo Kaeo,Samoeng District,Chiang Mai,North,4,0.740896359,0.097222222,0.581260099,2384,0.917948319,55.74134148,5,18.791,98.604
860413,Hat Yai,Lang Suan District,Chumphon,southeast,5,0.916067836,0.105555556,0.839216529,304,0.327794677,55.71536198,5,9.96,98.956
501004,Mae Na Wang,Mae Ai District,Chiang Mai,North,5,0.883753501,0.111111111,0.649790753,1441.5,0.713793237,55.68034991,5,19.98,99.382
640302,Thung Luang,Khiri Mat District,Sukhothai,North,5,0.93592786,0.405555556,0.935592178,101,0.188940818,55.6181865,5,16.877,99.774
630705,Ruam Thai Phatthana,Phop Phra District,Tak,North,5,0.948979592,0.222222222,0.908609183,140,0.222448316,55.5363883,5,16.44,98.786
840205,Krut,Kanchanadit District,Surat Thani,southeast,4,0.762112479,0.05,0.693021232,1027,0.602490672,55.52800295,5,9.103,99.549
900302,Pa Ching,Chanae District,Songkhla,southeast,3,0.632920885,0.066666667,0.641911582,1500,0.728133034,55.46543051,5,6.939,100.686
940211,Tha Ruea,Khok Pho District,Pattani,southeast,4,0.754924579,0.133333333,0.682625382,1096,0.622401144,55.37461006,5,6.78,101.053
800613,Mae Chao Yu Hua,Chian Yai District,Nakhon Si Thammarat,southeast,5,0.914503079,0.2,0.849465666,255,0.300216941,55.22448249,5,8.075,100.094
630402,Mae Charao,Mae Ramat District,Tak,North,5,0.948979592,0.058333333,0.83875082,283,0.316270236,55.20113698,5,16.947,98.591
860107,Tak Daet,Mueang Chumphon District,Chumphon,southeast,5,0.916067836,0.088888889,0.830127548,306,0.328871181,55.15662876,5,10.467,99.153
801305,Khuan Phang,Ron Phibun District,Nakhon Si Thammarat,southeast,4,0.771645936,0.216666667,0.826500063,312,0.332079757,55.04820012,5,8.159,99.977
571801,Pong Noi,Doi Luang District,Chiangrai,North,4,0.744649079,0.177777778,0.717860023,803,0.532749288,55.01497193,5,20.104,100.068
650801,Wang Thong,Wang Thong District,Phitsanu Lok,North,4,0.768049155,0.227777778,0.77690808,490,0.416162693,55.01141194,5,16.822,100.403
860501,Lamae,Lamae District,Chumphon,southeast,5,0.916067836,0.052777778,0.809041532,361.5,0.357453255,54.91180304,5,9.752,98.945
141202,Ban Phaen,Sena District,Phra Nakhon Si Ayudhya,Central,4,0.760628845,0.3,0.807482085,366,0.359671187,54.89550621,5,14.342,100.417
501001,Mae Ai,Mae Ai District,Chiang Mai,North,4,0.740896359,0.063888889,0.548891018,7229,1,54.88910179,5,20.065,99.262
640507,Tha Chai,Si Satchanalai District,Sukhothai,North,5,0.93592786,0.188888889,0.860508693,213,0.274381551,54.83082012,5,17.444,99.846
540110,Pa Maet,Mueang Phrae District,Phrae,North,4,0.755102041,0.030555556,0.582214967,2206,0.883014549,54.81596265,5,18.158,100.092
500203,Ban Luang,Chom Thong District,Chiang Mai,North,5,0.883753501,0.125,0.66217872,1216,0.655589354,54.81480195,5,18.502,98.6
640406,Dong Dueai,Kong Krailat District,Sukhothai,North,5,0.93592786,0.294444444,0.903501755,128,0.212701273,54.78388642,5,16.92,100.011
501606,Na Kho Ruea,Hot District,Chiang Mai,North,5,0.883753501,0.091666667,0.632105728,1516.5,0.732126813,54.74436405,5,18.009,98.52
901602,Thung Lan,Khlong Hoi Khong District,Songkhla,southeast,3,0.632920885,0.072222222,0.64694335,1354,0.691790251,54.72462262,5,6.886,100.442
640506,Nong O,Si Satchanalai District,Sukhothai,North,5,0.93592786,0.172222222,0.852411667,226,0.282630694,54.66646842,5,17.484,99.751
840801,Tha Khanon,Khiri Rat Nikhom District,Surat Thani,southeast,4,0.762112479,0.022222222,0.669181228,1125,0.630581705,54.55773338,5,9.075,98.874
630704,Wale,Phop Phra District,Tak,North,5,0.948979592,0.138888889,0.877329048,168,0.243679922,54.55582606,5,16.368,98.768
901501,Ching Kho,Singhanakhon District,Songkhla,southeast,4,0.775778028,0.083333333,0.707820383,829,0.541305414,54.54836943,5,7.266,100.524
941009,Khlong Mai,Yarang District,Pattani,southeast,4,0.754924579,0.138888889,0.687363685,975,0.58703962,54.54367009,5,6.735,101.262
901113,Tha Kham,Hat Yai District,Songkhla,southeast,4,0.775778028,0.15,0.759206931,539,0.436475115,54.52909315,5,7.041,100.574
801303,Sao Thong,Ron Phibun District,Nakhon Si Thammarat,southeast,4,0.771645936,0.133333333,0.774103601,469,0.40714727,54.46388839,5,8.252,99.924
860702,Sawi,Sawi District,Chumphon,southeast,5,0.916067836,0.094444444,0.833201784,267,0.307199664,54.45805458,5,10.247,99.081
900313,Khlong Pia,Chanae District,Songkhla,southeast,3,0.632920885,0.041666667,0.618893085,1630,0.759029941,54.4325733,5,6.952,100.632
901201,Na Mom,Na Mom District,Songkhla,southeast,4,0.775778028,0.061111111,0.689328822,947,0.57854893,54.4069637,5,6.965,100.529
860307,Khao Chaiyarat,Pathio District,Chumphon,southeast,4,0.773210693,0.127777778,0.818315483,304,0.327794677,54.32774715,5,10.939,99.349
901511,Muang Ngam,Singhanakhon District,Songkhla,southeast,4,0.775778028,0.083333333,0.707820383,808.5,0.534570658,54.31001958,5,7.347,100.476
630504,Mae La,Tha Song Yang District,Tak,North,5,0.948979592,0.105555556,0.862429765,190,0.259144446,54.29618241,5,17.17,98.359
860404,Na Kha,Lang Suan District,Chumphon,southeast,5,0.916067836,0.277777778,0.911586096,103,0.190802349,54.27594325,5,10.009,99.081