year,province,events,districts_affected,subdistricts_affected,villages_affected,affected_people,affected_households,evacuated_people,evacuated_households,deaths,missing,injured,housing_units,business_sites,agriculture_rai,livestock_head,fisheries_units,transport_sites,infrastructure_sites,total_damage_thb,province_code,region_en
2019,กระบี่,,5.0,22.0,115.0,4363.0,886.0,0.0,0.0,0.0,0.0,0.0,24.0,0.0,179.0,0.0,8.0,35.0,5.0,523200.0,81,South
2019,กาญจนบุรี,,11.0,27.0,111.0,12582.0,4796.0,4.0,2.0,0.0,0.0,0.0,111.0,0.0,2832.0,0.0,6.0,61.0,7.0,4412868.0,71,Central
2019,กาฬสินธุ์,,18.0,130.0,1174.0,210787.0,67564.0,68.0,0.0,0.0,0.0,0.0,3018.0,0.0,330220.0,7181.0,8945.0,1078.0,61.0,7059000.0,46,Northeast
2019,กำแพงเพชร,,2.0,7.0,18.0,150.0,11.0,0.0,0.0,0.0,0.0,0.0,0.0,0.0,0.0,0.0,2100.0,0.0,0.0,15000000.0,62,North
2019,ขอนแก่น,,8.0,48.0,403.0,112203.0,31894.0,0.0,0.0,0.0,0.0,0.0,35.0,0.0,6828.0,0.0,13.0,28.0,0.0,7987422.0,40,Northeast
2019,จันทบุรี,,6.0,16.0,79.0,150.0,1075.0,0.0,0.0,0.0,0.0,0.0,27.0,0.0,2040.0,0.0,579.0,3.0,5.0,0.0,22,East
2019,ชลบุรี,,2.0,3.0,9.0,123.0,51.0,0.0,0.0,1.0,0.0,2.0,45.0,0.0,0.0,0.0,0.0,0.0,0.0,430000.0,20,East
2019,ชัยภูมิ,,2.0,2.0,16.0,366.0,4.0,0.0,0.0,1.0,0.0,0.0,4.0,0.0,0.0,0.0,0.0,15.0,2.0,30000.0,36,Northeast
2019,ชุมพร,,7.0,51.0,448.0,32172.0,12193.0,1037.0,414.0,0.0,0.0,0.0,1104.0,2.0,3305.0,302.0,291.0,474.0,117.0,16590000.0,86,South
2019,ตรัง,,5.0,21.0,80.0,9073.0,2759.0,0.0,0.0,0.0,0.0,0.0,17.0,0.0,11420.0,0.0,27.0,1.0,2.0,250000.0,92,South
2019,ตราด,,7.0,16.0,72.0,10175.0,2931.0,0.0,0.0,0.0,0.0,0.0,35.0,0.0,183.0,0.0,25.0,49.0,2.0,8500.0,23,East
2019,ตาก,,8.0,44.0,371.0,134560.0,39118.0,116.0,25.0,1.0,1.0,1.0,2.0,0.0,7523.0,0.0,0.0,313.0,16.0,53918340.0,63,North
2019,นครพนม,,12.0,56.0,274.0,0.0,0.0,0.0,0.0,0.0,0.0,0.0,0.0,0.0,22192.0,24.0,25.0,122.0,2.0,0.0,48,Northeast
2019,นครราชสีมา,,5.0,9.0,38.0,7613.0,1252.0,0.0,0.0,0.0,0.0,0.0,15.0,0.0,43.0,0.0,0.0,25.0,3.0,0.0,30,Northeast
2019,นครศรีธรรมราช,,2.0,3.0,9.0,0.0,0.0,0.0,0.0,0.0,0.0,0.0,0.0,0.0,0.0,0.0,0.0,0.0,0.0,0.0,80,South
2019,นราธิวาส,,13.0,71.0,480.0,142079.0,40323.0,301.0,120.0,1.0,0.0,2.0,39.0,0.0,6522.0,141.0,2.0,38.0,27.0,60000.0,96,South
2019,น่าน,,7.0,21.0,94.0,8017.0,2876.0,0.0,0.0,1.0,0.0,0.0,21.0,0.0,1583.0,0.0,19.0,106.0,16.0,0.0,55,North
2019,บุรีรัมย์,,2.0,3.0,22.0,0.0,0.0,0.0,0.0,0.0,0.0,0.0,0.0,0.0,0.0,0.0,0.0,0.0,0.0,0.0,31,Northeast
2019,ประจวบคีรีขันธ์,,2.0,7.0,41.0,3450.0,725.0,0.0,0.0,0.0,0.0,0.0,1.0,0.0,0.0,0.0,1.0,8.0,8.0,0.0,77,South
2019,ปราจีนบุรี,,3.0,12.0,51.0,0.0,0.0,0.0,0.0,0.0,0.0,0.0,1010.0,0.0,0.0,0.0,0.0,1.0,0.0,0.0,25,East
2019,ปัตตานี,,8.0,48.0,224.0,1.0,1.0,0.0,0.0,0.0,0.0,0.0,0.0,0.0,0.0,0.0,1.0,0.0,0.0,0.0,94,South
2019,พะเยา,,7.0,43.0,311.0,1308.0,2097.0,0.0,18.0,0.0,0.0,0.0,2.0,0.0,843.0,0.0,1.0,24.0,6.0,0.0,56,North
2019,พังงา,,6.0,24.0,83.0,4653.0,1262.0,0.0,0.0,0.0,0.0,0.0,127.0,0.0,10.0,0.0,42.0,50.0,7.0,0.0,82,South
2019,พัทลุง,,2.0,7.0,13.0,80.0,30.0,0.0,0.0,0.0,0.0,0.0,0.0,0.0,0.0,0.0,0.0,1.0,0.0,0.0,93,South
2019,พิจิตร,,12.0,60.0,371.0,6979.0,10386.0,0.0,0.0,0.0,0.0,0.0,11181.0,0.0,164478.0,2420.0,203.0,113.0,19.0,0.0,66,North
2019,พิษณุโลก,,8.0,53.0,372.0,42400.0,38126.0,96.0,1692.0,3.0,0.0,0.0,0.0,0.0,151352.0,2429.0,1135.0,193.0,29.0,3330000.0,65,North
2019,มหาสารคาม,,8.0,57.0,750.0,100.0,40.0,0.0,0.0,0.0,0.0,0.0,40.0,0.0,0.0,0.0,0.0,0.0,0.0,0.0,44,Northeast
2019,มุกดาหาร,,7.0,53.0,558.0,96111.0,24042.0,0.0,0.0,1.0,0.0,0.0,43.0,0.0,37418.0,0.0,969.0,112.0,9.0,0.0,49,Northeast
2019,ยะลา,,1.0,1.0,1.0,18.0,4.0,0.0,0.0,0.0,0.0,0.0,4.0,0.0,0.0,0.0,0.0,0.0,0.0,0.0,95,South
2019,ยโสธร,,9.0,76.0,862.0,99191.0,102496.0,6380.0,2277.0,18.0,1.0,0.0,6111.0,0.0,1075552.0,1065.0,170.0,91.0,78.0,0.0,35,Northeast
2019,ระนอง,,1.0,7.0,36.0,224.0,70.0,0.0,0.0,0.0,0.0,0.0,113.0,0.0,0.0,0.0,0.0,8.0,0.0,0.0,85,South
2019,ระยอง,,3.0,3.0,10.0,140.0,25.0,0.0,0.0,0.0,0.0,0.0,0.0,0.0,0.0,7.0,0.0,4.0,1.0,0.0,21,East
2019,ราชบุรี,,3.0,25.0,156.0,713.0,267.0,0.0,0.0,0.0,0.0,0.0,20.0,0.0,14498.0,0.0,0.0,30.0,2.0,0.0,70,Central
2019,ร้อยเอ็ด,,10.0,103.0,1148.0,0.0,47822.0,0.0,0.0,0.0,0.0,0.0,730.0,0.0,297179.0,356.0,126.0,398.0,19.0,0.0,45,Northeast
2019,ลำปาง,,12.0,41.0,128.0,9527.0,4301.0,0.0,0.0,0.0,0.0,0.0,232.0,0.0,430.0,170.0,58.0,51.0,36.0,175000.0,52,North
2019,ลำพูน,,4.0,10.0,102.0,0.0,4017.0,0.0,0.0,0.0,0.0,0.0,0.0,0.0,2994.0,0.0,0.0,52.0,17.0,0.0,51,North
2019,ศรีสะเกษ,,14.0,70.0,403.0,57563.0,11757.0,0.0,0.0,0.0,0.0,0.0,1086.0,0.0,87206.0,0.0,42.0,2243.0,11.0,0.0,33,Northeast
2019,สกลนคร,,13.0,78.0,620.0,23244.0,14549.0,0.0,0.0,1.0,0.0,0.0,900.0,0.0,114747.0,180.0,53.0,76.0,22.0,0.0,47,Northeast
2019,สตูล,,2.0,2.0,4.0,342.0,68.0,0.0,0.0,0.0,0.0,0.0,38.0,0.0,0.0,0.0,0.0,0.0,0.0,0.0,91,South
2019,สมุทรสาคร,,1.0,4.0,3.0,0.0,0.0,0.0,0.0,0.0,0.0,0.0,0.0,0.0,0.0,0.0,0.0,0.0,0.0,0.0,74,Central
2019,สระบุรี,,3.0,7.0,17.0,4371.0,1412.0,0.0,0.0,0.0,0.0,0.0,501.0,0.0,1018.0,0.0,0.0,2.0,2.0,0.0,19,Central
2019,สระแก้ว,,6.0,38.0,244.0,39050.0,14884.0,0.0,0.0,0.0,0.0,0.0,1343.0,0.0,15.0,0.0,28.0,56.0,3.0,0.0,27,East
2019,สุพรรณบุรี,,1.0,1.0,1.0,50.0,30.0,0.0,0.0,0.0,0.0,0.0,0.0,0.0,0.0,0.0,0.0,1.0,0.0,200000.0,72,Central
2019,สุราษฎร์ธานี,,18.0,88.0,549.0,79240.0,27489.0,167.0,0.0,0.0,0.0,0.0,370.0,0.0,3008.0,0.0,1.0,211.0,1.0,7280000.0,84,South
2019,สุรินทร์,,12.0,47.0,281.0,2805.0,2370.0,0.0,0.0,1.0,0.0,0.0,9.0,0.0,49015.0,4.0,5.0,70.0,21.0,624000.0,32,Northeast
2019,สุโขทัย,,7.0,36.0,161.0,28072.0,8797.0,0.0,0.0,0.0,0.0,0.0,0.0,0.0,0.0,0.0,0.0,0.0,0.0,0.0,64,North
2019,หนองคาย,,6.0,21.0,123.0,6961.0,3980.0,0.0,0.0,0.0,0.0,0.0,0.0,0.0,7890.0,0.0,0.0,37.0,1.0,0.0,43,Northeast
2019,หนองบัวลำภู,,1.0,2.0,9.0,0.0,0.0,0.0,0.0,0.0,0.0,0.0,0.0,0.0,0.0,0.0,0.0,0.0,0.0,0.0,39,Northeast
2019,อำนาจเจริญ,,7.0,56.0,593.0,0.0,0.0,0.0,0.0,0.0,0.0,0.0,0.0,0.0,0.0,0.0,0.0,0.0,0.0,0.0,37,Northeast
2019,อุดรธานี,,12.0,57.0,327.0,48529.0,4006.0,0.0,0.0,1.0,0.0,0.0,83.0,0.0,31639.0,390.0,1956.0,102.0,11.0,44410964.0,41,Northeast
2019,อุตรดิตถ์,,4.0,14.0,82.0,1836.0,841.0,0.0,0.0,0.0,0.0,0.0,157.0,0.0,1815.0,1.0,25.0,3.0,11.0,323246.0,53,North
2019,อุทัยธานี,,3.0,10.0,55.0,1885.0,727.0,0.0,0.0,0.0,0.0,0.0,8.0,0.0,7337.0,0.0,2.0,10.0,5.0,2971000.0,61,Central
2019,อุบลราชธานี,,1.0,2.0,6.0,105.0,27.0,0.0,0.0,0.0,0.0,0.0,0.0,0.0,226.0,0.0,0.0,0.0,0.0,0.0,34,Northeast
2019,เชียงราย,,6.0,14.0,56.0,6556.0,2301.0,10.0,2.0,0.0,0.0,0.0,30.0,0.0,13665.0,0.0,79.0,5.0,4.0,471000.0,57,North
2019,เชียงใหม่,,23.0,83.0,572.0,234664.0,74786.0,0.0,0.0,0.0,0.0,0.0,225.0,0.0,5312.0,51.0,34.0,542.0,81.0,0.0,50,North
2019,เพชรบุรี,,1.0,2.0,4.0,1209.0,283.0,0.0,0.0,0.0,0.0,0.0,0.0,0.0,0.0,0.0,0.0,5.0,0.0,34528.0,76,South
2019,เพชรบูรณ์,,8.0,57.0,339.0,22855.0,14523.0,0.0,0.0,0.0,0.0,0.0,14513.0,0.0,77041.0,0.0,0.0,32.0,0.0,0.0,67,North
2019,เลย,,1.0,1.0,1.0,76.0,19.0,0.0,0.0,0.0,0.0,0.0,1.0,0.0,20.0,0.0,0.0,3.0,0.0,0.0,42,Northeast
2019,แพร่,,8.0,47.0,266.0,6453.0,2154.0,0.0,0.0,0.0,0.0,0.0,108.0,0.0,7850.0,70.0,44.0,59.0,33.0,0.0,54,North
2019,แม่ฮ่องสอน,,7.0,43.0,380.0,301356.0,108628.0,0.0,0.0,0.0,0.0,0.0,1.0,0.0,7113.0,251.0,17.0,819.0,626.0,3237294.0,58,North
2020,กระบี่,8.0,7.0,37.0,178.0,5655.0,1830.0,0.0,0.0,0.0,0.0,0.0,25.0,0.0,140.0,0.0,5.0,195.0,0.0,,81,South
2020,กรุงเทพมหานคร,7.0,7.0,15.0,0.0,115.0,115.0,0.0,0.0,0.0,0.0,0.0,0.0,0.0,564.0,0.0,0.0,0.0,0.0,,10,Central
2020,กาญจนบุรี,63.0,11.0,100.0,523.0,49711.0,22173.0,20.0,4.0,1.0,0.0,0.0,911.0,0.0,45986.0,250.0,10.0,251.0,5.0,,71,Central
2020,กาฬสินธุ์,7.0,4.0,12.0,38.0,7064.0,1910.0,0.0,0.0,0.0,0.0,0.0,0.0,0.0,3502.0,0.0,5.0,34.0,2.0,,46,Northeast
2020,กำแพงเพชร,18.0,5.0,33.0,100.0,8358.0,3305.0,0.0,0.0,0.0,0.0,0.0,541.0,0.0,18011.0,115.0,71.0,154.0,6.0,,62,North
2020,ขอนแก่น,11.0,10.0,32.0,183.0,27750.0,12306.0,0.0,0.0,0.0,0.0,0.0,333.0,0.0,17329.0,0.0,625.0,33.0,1.0,,40,Northeast
2020,จันทบุรี,18.0,9.0,33.0,172.0,7034.0,2222.0,232.0,94.0,1.0,0.0,3.0,1436.0,0.0,1211.0,0.0,3.0,46.0,33.0,,22,East
2020,ฉะเชิงเทรา,26.0,7.0,32.0,137.0,2667.0,2036.0,0.0,0.0,0.0,0.0,0.0,241.0,0.0,5045.0,0.0,81.0,0.0,0.0,,24,East
2020,ชลบุรี,39.0,6.0,40.0,176.0,4954.0,1984.0,0.0,0.0,0.0,0.0,0.0,1036.0,0.0,2734.0,40.0,53.0,21.0,14.0,,20,East
2020,ชัยนาท,14.0,6.0,20.0,134.0,24579.0,8293.0,0.0,0.0,0.0,0.0,0.0,2077.0,0.0,59753.0,0.0,0.0,138.0,4.0,,18,Central
2020,ชัยภูมิ,21.0,11.0,107.0,957.0,56540.0,30441.0,0.0,0.0,0.0,0.0,0.0,375.0,0.0,310293.0,0.0,150.0,372.0,87.0,,36,Northeast
2020,ชุมพร,31.0,8.0,106.0,594.0,22229.0,7291.0,2.0,2.0,0.0,0.0,0.0,232.0,0.0,560.0,32.0,106.0,806.0,106.0,,86,South
2020,ตรัง,63.0,10.0,112.0,392.0,27694.0,8549.0,11.0,4.0,2.0,0.0,0.0,896.0,0.0,4978.0,0.0,60.0,69.0,7.0,,92,South
2020,ตราด,9.0,5.0,11.0,37.0,70.0,106.0,0.0,0.0,0.0,0.0,0.0,0.0,0.0,0.0,0.0,1.0,1.0,0.0,,23,East
2020,ตาก,11.0,7.0,43.0,257.0,57618.0,15725.0,0.0,0.0,0.0,0.0,0.0,0.0,0.0,3098.0,0.0,0.0,332.0,2.0,,63,North
2020,นครปฐม,57.0,7.0,106.0,657.0,148118.0,64294.0,0.0,0.0,0.0,0.0,0.0,41478.0,16.0,25683.0,0.0,288.0,369.0,81.0,,73,Central
2020,นครพนม,1.0,1.0,1.0,3.0,132.0,33.0,0.0,0.0,0.0,0.0,0.0,20.0,0.0,0.0,0.0,31.0,0.0,0.0,,48,Northeast
2020,นครราชสีมา,147.0,29.0,367.0,2588.0,399267.0,190059.0,0.0,0.0,1.0,0.0,0.0,14345.0,2.0,702618.0,514.0,1544.0,853.0,327.0,,30,Northeast
2020,นครศรีธรรมราช,45.0,23.0,193.0,1714.0,850670.0,310158.0,0.0,0.0,3.0,1.0,0.0,28.0,0.0,107239.0,65918.0,28550.0,831.0,97.0,,80,South
2020,นครสวรรค์,11.0,8.0,13.0,94.0,4091.0,1782.0,0.0,0.0,1.0,0.0,0.0,152.0,0.0,22223.0,30.0,3.0,101.0,9.0,,60,Central
2020,นราธิวาส,38.0,13.0,135.0,620.0,143902.0,54240.0,266.0,77.0,0.0,0.0,0.0,4.0,0.0,4166.0,380.0,29.0,68.0,12.0,,96,South
2020,น่าน,99.0,15.0,217.0,975.0,73470.0,25369.0,0.0,0.0,2.0,0.0,0.0,3024.0,0.0,40659.0,2677.0,265.0,404.0,255.0,,55,North
2020,บุรีรัมย์,26.0,19.0,80.0,286.0,70211.0,7051.0,0.0,0.0,0.0,0.0,0.0,126.0,0.0,35397.0,0.0,28.0,0.0,0.0,,31,Northeast
2020,ปทุมธานี,2.0,2.0,2.0,17.0,0.0,55.0,0.0,0.0,0.0,0.0,0.0,25.0,0.0,0.0,0.0,0.0,0.0,0.0,,13,Central
2020,ประจวบคีรีขันธ์,19.0,6.0,23.0,138.0,7545.0,3179.0,0.0,0.0,0.0,0.0,0.0,7.0,0.0,5932.0,0.0,441.0,23.0,13.0,,77,South
2020,ปราจีนบุรี,14.0,6.0,31.0,163.0,71.0,5295.0,0.0,0.0,4.0,0.0,0.0,481.0,1.0,6000.0,131.0,41.0,7.0,0.0,,25,East
2020,ปัตตานี,25.0,11.0,92.0,280.0,18316.0,5524.0,0.0,0.0,1.0,0.0,0.0,20.0,0.0,1189.0,9.0,154.0,9.0,0.0,,94,South
2020,พะเยา,23.0,5.0,55.0,190.0,3902.0,1639.0,0.0,0.0,0.0,0.0,0.0,445.0,0.0,629.0,0.0,0.0,37.0,6.0,,56,North
2020,พังงา,8.0,5.0,13.0,41.0,955.0,303.0,0.0,0.0,0.0,0.0,0.0,11.0,0.0,0.0,0.0,1.0,2.0,2.0,,82,South
2020,พัทลุง,20.0,11.0,82.0,788.0,262302.0,95903.0,542.0,166.0,4.0,0.0,1.0,425.0,5.0,324687.0,1442737.0,2271.0,1004.0,84.0,,93,South
2020,พิจิตร,2.0,1.0,3.0,5.0,250.0,35.0,0.0,0.0,0.0,0.0,0.0,0.0,0.0,674.0,0.0,0.0,0.0,0.0,,66,North
2020,พิษณุโลก,9.0,5.0,30.0,123.0,661.0,1869.0,0.0,0.0,1.0,0.0,1.0,111.0,0.0,5725.0,0.0,85.0,28.0,3.0,,65,North
2020,ภูเก็ต,3.0,2.0,3.0,5.0,0.0,0.0,0.0,0.0,0.0,0.0,0.0,0.0,0.0,0.0,0.0,0.0,0.0,0.0,,83,South
2020,มุกดาหาร,1.0,1.0,1.0,1.0,0.0,0.0,0.0,0.0,0.0,0.0,0.0,0.0,0.0,0.0,0.0,0.0,1.0,0.0,,49,Northeast
2020,ยะลา,37.0,7.0,81.0,280.0,28599.0,8075.0,60.0,15.0,2.0,0.0,0.0,56.0,0.0,1270.0,0.0,0.0,32.0,18.0,,95,South
2020,ระนอง,4.0,4.0,14.0,33.0,331.0,195.0,0.0,0.0,0.0,0.0,0.0,0.0,0.0,4.0,0.0,120.0,3.0,2.0,,85,South
2020,ระยอง,7.0,4.0,20.0,123.0,53360.0,24382.0,0.0,0.0,0.0,0.0,0.0,314.0,0.0,950.0,0.0,0.0,9.0,7.0,,21,East
2020,ราชบุรี,22.0,8.0,86.0,501.0,10360.0,3308.0,0.0,0.0,0.0,0.0,0.0,4.0,0.0,5461.0,1.0,171.0,134.0,9.0,,70,Central
2020,ลพบุรี,12.0,7.0,32.0,140.0,947.0,535.0,0.0,0.0,0.0,0.0,0.0,218.0,0.0,2043.0,0.0,100.0,0.0,0.0,,16,Central
2020,ลำปาง,61.0,12.0,123.0,453.0,22174.0,8912.0,0.0,0.0,2.0,0.0,0.0,1636.0,0.0,3872.0,1210.0,99.0,119.0,195.0,,52,North
2020,ลำพูน,11.0,4.0,13.0,47.0,3637.0,2447.0,6.0,3.0,0.0,0.0,0.0,2.0,0.0,2242.0,2.0,12.0,31.0,27.0,,51,North
2020,ศรีสะเกษ,17.0,11.0,55.0,227.0,13499.0,13764.0,0.0,0.0,1.0,0.0,0.0,149.0,0.0,5349.0,0.0,11.0,141.0,15.0,,33,Northeast
2020,สงขลา,50.0,15.0,154.0,738.0,1203.0,365.0,43.0,13.0,0.0,0.0,0.0,226.0,0.0,2874.0,0.0,8.0,11.0,0.0,,90,South
2020,สตูล,14.0,6.0,23.0,105.0,18295.0,5136.0,0.0,0.0,0.0,0.0,0.0,5136.0,0.0,964.0,400.0,9.0,1.0,3.0,,91,South
2020,สมุทรสงคราม,4.0,3.0,20.0,133.0,0.0,0.0,0.0,0.0,0.0,0.0,0.0,0.0,0.0,0.0,0.0,0.0,0.0,0.0,,75,Central
2020,สมุทรสาคร,2.0,1.0,11.0,53.0,3000.0,800.0,0.0,0.0,0.0,0.0,0.0,50.0,0.0,0.0,0.0,0.0,0.0,0.0,,74,Central
2020,สระบุรี,15.0,5.0,15.0,29.0,325.0,130.0,0.0,0.0,0.0,0.0,0.0,41.0,0.0,521.0,0.0,5.0,4.0,4.0,,19,Central
2020,สระแก้ว,21.0,9.0,88.0,621.0,151884.0,47351.0,0.0,0.0,1.0,0.0,0.0,12161.0,0.0,4573.0,0.0,156.0,294.0,38.0,,27,East
2020,สิงห์บุรี,5.0,5.0,17.0,84.0,0.0,0.0,0.0,0.0,0.0,0.0,0.0,0.0,0.0,0.0,0.0,0.0,0.0,0.0,,17,Central
2020,สุพรรณบุรี,32.0,8.0,64.0,365.0,10870.0,16797.0,0.0,0.0,0.0,0.0,0.0,35446.0,0.0,36017.0,400.0,382.0,29.0,4.0,,72,Central
2020,สุราษฎร์ธานี,71.0,17.0,210.0,1204.0,120254.0,35631.0,0.0,0.0,1.0,0.0,0.0,1616.0,0.0,98480.0,1401.0,56.0,286.0,21.0,,84,South
2020,สุรินทร์,44.0,11.0,85.0,329.0,5924.0,9980.0,0.0,0.0,0.0,0.0,0.0,307.0,0.0,65297.0,0.0,71.0,103.0,21.0,,32,Northeast
2020,สุโขทัย,28.0,7.0,83.0,231.0,29759.0,11281.0,10.0,2.0,1.0,0.0,0.0,95.0,0.0,66163.0,27664.0,41.0,60.0,7.0,,64,North
2020,หนองบัวลำภู,9.0,4.0,37.0,213.0,3788.0,6233.0,0.0,0.0,1.0,0.0,0.0,0.0,0.0,32939.0,0.0,633.0,2.0,0.0,,39,Northeast
2020,อุดรธานี,7.0,5.0,23.0,123.0,3732.0,1668.0,0.0,0.0,1.0,0.0,0.0,3.0,0.0,5476.0,0.0,409.0,40.0,6.0,,41,Northeast
2020,อุตรดิตถ์,34.0,9.0,91.0,356.0,15225.0,5019.0,0.0,0.0,2.0,0.0,1.0,1883.0,0.0,12300.0,773.0,83.0,90.0,34.0,,53,North
2020,อุทัยธานี,12.0,5.0,29.0,202.0,6051.0,3312.0,0.0,0.0,0.0,0.0,0.0,235.0,0.0,57709.0,0.0,101.0,1.0,0.0,,61,Central
2020,อุบลราชธานี,14.0,9.0,23.0,101.0,736.0,644.0,36.0,0.0,0.0,0.0,0.0,73.0,0.0,11261.0,0.0,0.0,18.0,6.0,,34,Northeast
2020,เชียงราย,9.0,7.0,19.0,119.0,845.0,532.0,0.0,0.0,0.0,0.0,0.0,56.0,0.0,241.0,50.0,2.0,9.0,35.0,,57,North
2020,เชียงใหม่,125.0,23.0,203.0,1157.0,419651.0,146743.0,0.0,0.0,0.0,0.0,0.0,2255.0,0.0,11395.0,624.0,179.0,881.0,130.0,,50,North
2020,เพชรบุรี,14.0,5.0,23.0,122.0,1793.0,671.0,0.0,0.0,0.0,0.0,0.0,0.0,0.0,10933.0,0.0,0.0,3.0,1.0,,76,South
2020,เพชรบูรณ์,10.0,8.0,37.0,293.0,1842.0,512.0,0.0,0.0,0.0,0.0,0.0,145.0,0.0,18652.0,40.0,155.0,234.0,20.0,,67,North
2020,เลย,16.0,8.0,25.0,157.0,2478.0,891.0,0.0,0.0,0.0,0.0,0.0,35.0,0.0,1375.0,0.0,5.0,3.0,0.0,,42,Northeast
2020,แพร่,60.0,8.0,173.0,894.0,35561.0,16467.0,0.0,0.0,0.0,0.0,0.0,6995.0,0.0,22960.0,1672.0,458.0,115.0,74.0,,54,North
2020,แม่ฮ่องสอน,32.0,7.0,113.0,693.0,324290.0,119140.0,0.0,0.0,0.0,0.0,0.0,135.0,0.0,6474.0,108.0,63.0,976.0,764.0,,58,North
2021,กระบี่,19.0,6.0,43.0,136.0,3875.0,2961.0,0.0,0.0,0.0,0.0,0.0,260.0,0.0,217.0,0.0,21.0,14.0,4.0,,81,South
2021,กรุงเทพมหานคร,15.0,9.0,15.0,0.0,0.0,0.0,0.0,0.0,0.0,0.0,0.0,0.0,0.0,0.0,0.0,0.0,15.0,0.0,,10,Central
2021,กาญจนบุรี,63.0,12.0,101.0,634.0,39417.0,15589.0,0.0,0.0,1.0,0.0,0.0,3941.0,0.0,95296.0,224.0,55.0,197.0,8.0,,71,Central
2021,กาฬสินธุ์,29.0,13.0,49.0,177.0,22445.0,9203.0,7.0,4.0,0.0,0.0,0.0,23.0,0.0,25797.0,849.0,142.0,83.0,2.0,,46,Northeast
2021,กำแพงเพชร,62.0,11.0,180.0,779.0,38493.0,15161.0,30.0,0.0,0.0,0.0,1.0,2484.0,0.0,144615.0,200.0,1137.0,202.0,53.0,,62,North
2021,ขอนแก่น,24.0,21.0,112.0,1049.0,89467.0,38489.0,200.0,180.0,14.0,1.0,0.0,7733.0,0.0,346339.0,992.0,1543.0,143.0,44.0,,40,Northeast
2021,จันทบุรี,62.0,10.0,157.0,628.0,48386.0,11963.0,0.0,0.0,1.0,0.0,0.0,858.0,0.0,7116.0,18000.0,4.0,71.0,9.0,,22,East
2021,ฉะเชิงเทรา,24.0,6.0,24.0,107.0,14549.0,6557.0,0.0,0.0,0.0,0.0,0.0,4424.0,0.0,201.0,0.0,0.0,0.0,0.0,,24,East
2021,ชลบุรี,30.0,7.0,35.0,109.0,4680.0,1455.0,175.0,0.0,0.0,0.0,0.0,126.0,0.0,844.0,0.0,7.0,22.0,3.0,,20,East
2021,ชัยนาท,35.0,8.0,98.0,466.0,23465.0,10088.0,0.0,0.0,2.0,0.0,0.0,6678.0,0.0,100264.0,0.0,9.0,201.0,7.0,,18,Central
2021,ชัยภูมิ,62.0,16.0,226.0,1798.0,210318.0,99648.0,105.0,35.0,1.0,0.0,0.0,40243.0,0.0,727628.0,0.0,2484.0,864.0,157.0,,36,Northeast
2021,ชุมพร,49.0,8.0,195.0,1190.0,83312.0,29967.0,42.0,12.0,5.0,0.0,0.0,829.0,2.0,546.0,1.0,180.0,1093.0,249.0,,86,South
2021,ตรัง,40.0,9.0,50.0,137.0,4771.0,1703.0,0.0,0.0,1.0,0.0,0.0,171.0,0.0,578.0,8.0,14.0,30.0,2.0,,92,South
2021,ตราด,17.0,5.0,37.0,163.0,18842.0,9994.0,0.0,0.0,0.0,0.0,0.0,112.0,0.0,3411.0,0.0,44.0,15.0,1.0,,23,East
2021,ตาก,68.0,9.0,210.0,1349.0,212513.0,68733.0,81.0,9.0,0.0,0.0,1.0,1634.0,0.0,32727.0,1301.0,40.0,1516.0,9.0,,63,North
2021,นครนายก,6.0,4.0,7.0,29.0,150.0,50.0,0.0,0.0,0.0,0.0,0.0,305.0,0.0,110.0,0.0,5.0,2.0,2.0,,26,East
2021,นครปฐม,74.0,7.0,164.0,897.0,72419.0,27341.0,19.0,6.0,1.0,0.0,0.0,14012.0,3.0,13297.0,0.0,1449.0,58.0,36.0,,73,Central
2021,นครพนม,1.0,1.0,1.0,2.0,0.0,0.0,0.0,0.0,0.0,0.0,0.0,0.0,0.0,0.0,0.0,0.0,0.0,0.0,,48,Northeast
2021,นครราชสีมา,170.0,31.0,447.0,3120.0,99988.0,96375.0,16700.0,5250.0,11.0,0.0,2.0,6276.0,0.0,594377.0,3897.0,2367.0,888.0,110.0,,30,Northeast
2021,นครศรีธรรมราช,88.0,23.0,275.0,1633.0,105245.0,33662.0,77.0,17.0,1.0,0.0,0.0,362.0,2.0,19233.0,527.0,220.0,364.0,15.0,,80,South
2021,นครสวรรค์,23.0,15.0,136.0,1363.0,136437.0,61680.0,31.0,22.0,4.0,0.0,0.0,25771.0,0.0,876269.0,46719.0,950.0,256.0,65.0,,60,Central
2021,นนทบุรี,10.0,6.0,40.0,299.0,5.0,14012.0,0.0,0.0,0.0,0.0,0.0,1.0,0.0,0.0,0.0,0.0,0.0,0.0,,12,Central
2021,นราธิวาส,24.0,12.0,75.0,224.0,57131.0,16487.0,64.0,20.0,0.0,0.0,0.0,3393.0,0.0,478.0,48.0,10.0,53.0,0.0,,96,South
2021,น่าน,39.0,13.0,70.0,189.0,11510.0,4515.0,14.0,4.0,0.0,0.0,0.0,7.0,0.0,6187.0,5.0,78.0,70.0,22.0,,55,North
2021,บึงกาฬ,1.0,1.0,1.0,2.0,140.0,100.0,0.0,0.0,0.0,0.0,0.0,0.0,0.0,0.0,0.0,0.0,3.0,0.0,,38,Northeast
2021,บุรีรัมย์,34.0,19.0,106.0,614.0,25232.0,12978.0,0.0,0.0,0.0,0.0,0.0,167.0,0.0,132792.0,20.0,359.0,89.0,5.0,,31,Northeast
2021,ปทุมธานี,24.0,6.0,72.0,268.0,2895.0,998.0,0.0,0.0,0.0,0.0,0.0,0.0,0.0,95.0,0.0,12.0,0.0,2.0,,13,Central
2021,ประจวบคีรีขันธ์,37.0,8.0,72.0,351.0,16409.0,6022.0,9.0,0.0,0.0,0.0,0.0,722.0,0.0,4281.0,2194.0,667.0,103.0,11.0,,77,South
2021,ปราจีนบุรี,35.0,7.0,99.0,348.0,2754.0,4566.0,0.0,0.0,0.0,0.0,0.0,3246.0,0.0,5171.0,0.0,24.0,25.0,5.0,,25,East
2021,ปัตตานี,16.0,8.0,40.0,98.0,44765.0,13390.0,780.0,0.0,0.0,0.0,0.0,1358.0,0.0,2859.0,114.0,6.0,20.0,1.0,,94,South
2021,พระนครศรีอยุธยา,33.0,15.0,162.0,1042.0,15393.0,15392.0,0.0,0.0,0.0,0.0,0.0,15392.0,0.0,0.0,0.0,0.0,0.0,85.0,,14,Central
2021,พะเยา,41.0,9.0,60.0,277.0,7611.0,3671.0,0.0,0.0,0.0,0.0,0.0,64.0,0.0,5150.0,20.0,82.0,89.0,23.0,,56,North
2021,พังงา,7.0,4.0,10.0,33.0,3492.0,1108.0,0.0,0.0,0.0,0.0,0.0,229.0,0.0,0.0,0.0,3.0,24.0,4.0,,82,South
2021,พัทลุง,17.0,8.0,54.0,374.0,48210.0,16581.0,0.0,0.0,0.0,0.0,0.0,246.0,0.0,17258.0,19974.0,284.0,288.0,22.0,,93,South
2021,พิจิตร,47.0,11.0,114.0,464.0,9730.0,2795.0,3.0,1.0,0.0,0.0,0.0,2758.0,0.0,81778.0,0.0,36.0,23.0,20.0,,66,North
2021,พิษณุโลก,68.0,9.0,278.0,1099.0,9442.0,11329.0,0.0,12.0,0.0,0.0,0.0,44.0,0.0,93848.0,343.0,305.0,57.0,10.0,,65,North
2021,ภูเก็ต,7.0,2.0,11.0,28.0,1353.0,486.0,0.0,0.0,0.0,0.0,0.0,446.0,0.0,0.0,0.0,0.0,1.0,1.0,,83,South
2021,มหาสารคาม,5.0,3.0,18.0,133.0,0.0,1816.0,0.0,0.0,1.0,0.0,0.0,156.0,0.0,33091.0,0.0,30.0,0.0,10.0,,44,Northeast
2021,มุกดาหาร,2.0,2.0,5.0,9.0,0.0,0.0,0.0,0.0,0.0,0.0,0.0,0.0,0.0,0.0,0.0,0.0,6.0,5.0,,49,Northeast
2021,ยะลา,24.0,8.0,82.0,306.0,40441.0,10951.0,155.0,62.0,1.0,0.0,1.0,239.0,0.0,0.0,1500.0,12.0,41.0,19.0,,95,South
2021,ยโสธร,15.0,7.0,54.0,232.0,7102.0,8410.0,0.0,0.0,0.0,0.0,0.0,6.0,0.0,79413.0,0.0,4.0,0.0,0.0,,35,Northeast
2021,ระนอง,29.0,5.0,54.0,183.0,883.0,1328.0,0.0,0.0,0.0,0.0,0.0,280.0,0.0,10.0,0.0,1.0,20.0,4.0,,85,South
2021,ระยอง,50.0,7.0,65.0,211.0,4269.0,1481.0,0.0,0.0,0.0,0.0,0.0,189.0,1.0,787.0,0.0,16.0,54.0,17.0,,21,East
2021,ราชบุรี,12.0,6.0,34.0,130.0,114.0,2464.0,0.0,0.0,1.0,0.0,0.0,1690.0,0.0,7839.0,0.0,0.0,3.0,0.0,,70,Central
2021,ร้อยเอ็ด,27.0,10.0,79.0,372.0,0.0,0.0,0.0,0.0,0.0,0.0,0.0,0.0,0.0,0.0,0.0,0.0,0.0,0.0,,45,Northeast
2021,ลพบุรี,22.0,11.0,110.0,840.0,52942.0,56673.0,774.0,0.0,11.0,0.0,0.0,46752.0,0.0,51873.0,0.0,0.0,2.0,0.0,,16,Central
2021,ลำปาง,88.0,12.0,143.0,432.0,10040.0,3849.0,0.0,0.0,0.0,0.0,0.0,718.0,0.0,1994.0,180.0,45.0,63.0,48.0,,52,North
2021,ลำพูน,17.0,7.0,50.0,384.0,18175.0,8161.0,0.0,0.0,0.0,0.0,0.0,7978.0,0.0,54182.0,0.0,0.0,103.0,24.0,,51,North
2021,ศรีสะเกษ,143.0,22.0,348.0,1536.0,75617.0,29937.0,0.0,0.0,0.0,0.0,0.0,484.0,0.0,129818.0,1.0,102.0,632.0,4.0,,33,Northeast
2021,สงขลา,14.0,7.0,42.0,158.0,17313.0,5407.0,135.0,98.0,1.0,0.0,2.0,508.0,0.0,0.0,5.0,0.0,28.0,1.0,,90,South
2021,สตูล,5.0,4.0,16.0,63.0,6166.0,1971.0,0.0,0.0,0.0,0.0,0.0,1146.0,0.0,0.0,0.0,0.0,4.0,0.0,,91,South
2021,สมุทรปราการ,8.0,5.0,35.0,253.0,73671.0,53651.0,0.0,0.0,0.0,0.0,0.0,4372.0,0.0,51.0,0.0,3065.0,15.0,1.0,,11,Central
2021,สมุทรสาคร,7.0,3.0,22.0,108.0,0.0,330.0,0.0,0.0,0.0,0.0,0.0,360.0,0.0,0.0,0.0,0.0,7.0,2.0,,74,Central
2021,สระบุรี,40.0,13.0,92.0,383.0,13004.0,5336.0,222.0,92.0,0.0,0.0,0.0,3109.0,0.0,5022.0,631.0,10.0,23.0,6.0,,19,Central
2021,สระแก้ว,48.0,7.0,107.0,421.0,11070.0,8438.0,0.0,0.0,0.0,0.0,0.0,473.0,0.0,63866.0,40.0,15.0,112.0,8.0,,27,East
2021,สิงห์บุรี,9.0,5.0,33.0,133.0,3164.0,1698.0,0.0,0.0,3.0,0.0,0.0,2432.0,0.0,0.0,0.0,0.0,0.0,0.0,,17,Central
2021,สุพรรณบุรี,35.0,10.0,164.0,1026.0,29567.0,14807.0,0.0,0.0,0.0,0.0,0.0,6893.0,0.0,78152.0,220.0,26.0,41.0,9.0,,72,Central
2021,สุราษฎร์ธานี,72.0,19.0,190.0,962.0,59649.0,19140.0,0.0,0.0,0.0,0.0,0.0,134.0,0.0,12420.0,8560.0,70.0,238.0,20.0,,84,South
2021,สุรินทร์,54.0,13.0,146.0,670.0,51411.0,26499.0,0.0,0.0,0.0,0.0,0.0,567.0,0.0,98961.0,0.0,141.0,132.0,23.0,,32,Northeast
2021,สุโขทัย,81.0,9.0,212.0,971.0,89116.0,39891.0,0.0,0.0,0.0,0.0,0.0,4331.0,0.0,496191.0,486.0,1643.0,546.0,67.0,,64,North
2021,หนองคาย,2.0,2.0,4.0,14.0,0.0,0.0,0.0,0.0,0.0,0.0,0.0,0.0,0.0,0.0,0.0,0.0,14.0,1.0,,43,Northeast
2021,หนองบัวลำภู,6.0,2.0,13.0,86.0,2075.0,1436.0,0.0,0.0,0.0,0.0,0.0,170.0,0.0,11154.0,0.0,35.0,0.0,1.0,,39,Northeast
2021,อำนาจเจริญ,7.0,4.0,35.0,216.0,3692.0,1734.0,0.0,0.0,0.0,0.0,0.0,0.0,0.0,23670.0,0.0,0.0,5.0,1.0,,37,Northeast
2021,อุตรดิตถ์,9.0,5.0,13.0,35.0,207.0,314.0,0.0,0.0,0.0,0.0,0.0,0.0,0.0,2346.0,0.0,0.0,6.0,1.0,,53,North
2021,อุทัยธานี,27.0,8.0,121.0,801.0,20011.0,11624.0,0.0,0.0,0.0,0.0,0.0,2943.0,0.0,90065.0,1250.0,703.0,291.0,77.0,,61,Central
2021,อุบลราชธานี,37.0,15.0,126.0,679.0,10833.0,5144.0,1242.0,316.0,1.0,0.0,0.0,135.0,0.0,64113.0,5.0,298.0,17.0,2.0,,34,Northeast
2021,อ่างทอง,49.0,7.0,144.0,633.0,23476.0,8276.0,0.0,0.0,0.0,0.0,0.0,3171.0,0.0,55794.0,0.0,138.0,7.0,20.0,,15,Central
2021,เชียงราย,106.0,17.0,179.0,675.0,31716.0,11797.0,0.0,0.0,0.0,0.0,0.0,742.0,0.0,18780.0,410.0,528.0,108.0,46.0,,57,North
2021,เชียงใหม่,137.0,21.0,203.0,818.0,196226.0,65448.0,0.0,0.0,2.0,0.0,0.0,1316.0,0.0,4275.0,142.0,59.0,534.0,125.0,,50,North
2021,เพชรบุรี,46.0,7.0,69.0,349.0,12291.0,8081.0,0.0,0.0,0.0,0.0,0.0,2601.0,0.0,1826.0,215.0,31.0,69.0,13.0,,76,South
2021,เพชรบูรณ์,34.0,10.0,167.0,1684.0,36587.0,16125.0,1.0,3.0,4.0,0.0,0.0,2444.0,0.0,13448.0,0.0,874.0,59.0,7.0,,67,North
2021,เลย,36.0,8.0,40.0,79.0,2415.0,650.0,0.0,0.0,0.0,0.0,0.0,699.0,0.0,171.0,0.0,0.0,6.0,2.0,,42,Northeast
2021,แพร่,13.0,6.0,24.0,106.0,1788.0,821.0,0.0,0.0,0.0,0.0,0.0,33.0,0.0,1852.0,56.0,21.0,24.0,8.0,,54,North
2021,แม่ฮ่องสอน,45.0,7.0,78.0,328.0,125438.0,42405.0,0.0,0.0,0.0,0.0,1.0,94.0,0.0,473.0,1.0,0.0,298.0,37.0,,58,North
2022,กระบี่,19.0,5.0,41.0,152.0,4823.0,1537.0,87.0,53.0,0.0,0.0,0.0,240.0,0.0,75.0,5.0,72.0,59.0,1.0,,81,South
2022,กาญจนบุรี,23.0,12.0,39.0,268.0,6261.0,2134.0,0.0,0.0,0.0,0.0,0.0,177.0,0.0,1215.0,0.0,321.0,39.0,0.0,,71,Central
2022,กาฬสินธุ์,64.0,16.0,113.0,427.0,30600.0,12357.0,12.0,4.0,0.0,0.0,0.0,1218.0,0.0,33717.0,0.0,59.0,104.0,8.0,,46,Northeast
2022,กำแพงเพชร,73.0,10.0,165.0,744.0,21220.0,11047.0,0.0,0.0,0.0,0.0,0.0,1175.0,0.0,105251.0,0.0,133.0,219.0,61.0,,62,North
2022,ขอนแก่น,55.0,23.0,201.0,1756.0,38111.0,18136.0,116.0,9.0,8.0,0.0,0.0,97.0,0.0,419771.0,0.0,428.0,270.0,30.0,,40,Northeast
2022,จันทบุรี,54.0,10.0,116.0,433.0,3117.0,1128.0,0.0,0.0,1.0,0.0,0.0,204.0,0.0,1819.0,0.0,0.0,54.0,9.0,,22,East
2022,ฉะเชิงเทรา,58.0,9.0,66.0,359.0,22551.0,14410.0,0.0,0.0,0.0,0.0,0.0,303.0,0.0,4491.0,0.0,528.0,10.0,0.0,,24,East
2022,ชลบุรี,36.0,7.0,58.0,269.0,740.0,679.0,0.0,0.0,2.0,0.0,1.0,270.0,0.0,20.0,0.0,0.0,50.0,5.0,,20,East
2022,ชัยนาท,66.0,8.0,107.0,317.0,24006.0,10415.0,0.0,0.0,2.0,0.0,0.0,7813.0,0.0,38201.0,30.0,39.0,190.0,2.0,,18,Central
2022,ชัยภูมิ,85.0,16.0,304.0,2191.0,223698.0,122888.0,93.0,28.0,1.0,0.0,0.0,2299.0,0.0,698569.4,4116.0,1562.0,654.0,69.0,,36,Northeast
2022,ชุมพร,39.0,7.0,92.0,481.0,51121.0,18850.0,2.0,2.0,0.0,0.0,0.0,130.0,1.0,2756.0,506.0,59.0,980.0,140.0,,86,South
2022,ตรัง,68.0,8.0,80.0,308.0,14950.0,6416.0,322.0,96.0,0.0,0.0,0.0,1003.0,0.0,3475.0,3.0,55.0,81.0,6.0,,92,South
2022,ตราด,13.0,7.0,26.0,153.0,5536.0,1742.0,0.0,0.0,0.0,0.0,1.0,22.0,0.0,120.0,0.0,0.0,4.0,1.0,,23,East
2022,ตาก,70.0,9.0,133.0,683.0,73291.0,30134.0,12.0,155.0,1.0,0.0,0.0,1431.0,0.0,19382.0,13.0,330.0,919.0,30.0,,63,North
2022,นครนายก,26.0,3.0,31.0,153.0,1800.0,838.0,0.0,0.0,0.0,0.0,0.0,13.0,0.0,0.0,0.0,0.0,1.0,2.0,,26,East
2022,นครปฐม,156.0,7.0,164.0,932.0,58795.0,19072.0,0.0,0.0,0.0,0.0,0.0,6460.0,3.0,8454.0,54027.0,72.0,127.0,38.0,,73,Central
2022,นครพนม,3.0,3.0,3.0,4.0,38.0,11.0,8.0,1.0,0.0,0.0,0.0,11.0,0.0,0.0,0.0,1.0,5.0,0.0,,48,Northeast
2022,นครราชสีมา,189.0,32.0,575.0,4417.0,107624.0,59120.0,162.0,258.0,1.0,0.0,1.0,4896.0,0.0,612770.0,101130.0,2468.0,333.0,68.0,,30,Northeast
2022,นครศรีธรรมราช,89.0,21.0,314.0,2041.0,376539.0,109187.0,96.0,18.0,1.0,0.0,0.0,848.0,0.0,52888.0,1.0,231.0,1379.0,71.0,,80,South
2022,นครสวรรค์,227.0,15.0,311.0,1889.0,149743.0,72230.0,57.0,16.0,1.0,0.0,0.0,27569.0,2.0,462924.0,33134.0,4000.0,571.0,96.0,,60,Central
2022,นนทบุรี,16.0,6.0,52.0,410.0,0.0,114126.0,0.0,0.0,0.0,0.0,0.0,0.0,0.0,0.0,0.0,0.0,2.0,0.0,,12,Central
2022,นราธิวาส,74.0,13.0,243.0,1368.0,355572.0,97428.0,238.0,445.0,8.0,0.0,0.0,20907.0,0.0,15806.0,460.0,175.0,121.0,91.0,,96,South
2022,น่าน,79.0,15.0,162.0,662.0,51606.0,18161.0,0.0,0.0,0.0,0.0,0.0,2187.0,0.0,16235.0,688.0,1575.0,321.0,130.0,,55,North
2022,บุรีรัมย์,59.0,23.0,277.0,1935.0,118484.0,43250.0,0.0,1.0,0.0,0.0,0.0,494.0,0.0,253219.1,2012.0,581.0,254.0,40.0,,31,Northeast
2022,ปทุมธานี,27.0,7.0,75.0,572.0,84653.0,60764.0,0.0,0.0,0.0,0.0,0.0,1115.0,0.0,0.0,0.0,0.0,11.0,0.0,,13,Central
2022,ประจวบคีรีขันธ์,35.0,8.0,72.0,439.0,20587.0,7842.0,0.0,0.0,1.0,0.0,0.0,814.0,0.0,2561.0,6.0,11.0,360.0,42.0,,77,South
2022,ปราจีนบุรี,51.0,7.0,136.0,513.0,255.0,11098.0,0.0,0.0,0.0,0.0,0.0,614.0,0.0,4175.0,16.0,34.0,74.0,12.0,,25,East
2022,ปัตตานี,51.0,12.0,172.0,550.0,91307.0,23629.0,13.0,3.0,1.0,0.0,0.0,5509.0,0.0,6170.0,382.0,85.0,19.0,16.0,,94,South
2022,พระนครศรีอยุธยา,93.0,16.0,462.0,1934.0,1624.0,3491.0,0.0,0.0,2.0,0.0,0.0,13268.0,0.0,7994.0,0.0,0.0,0.0,0.0,,14,Central
2022,พะเยา,77.0,9.0,186.0,842.0,9280.0,5206.0,0.0,0.0,1.0,0.0,0.0,623.0,1.0,40099.0,0.0,99.0,65.0,17.0,,56,North
2022,พังงา,26.0,7.0,58.0,147.0,7211.0,1891.0,1.0,1.0,1.0,0.0,0.0,591.0,0.0,0.0,0.0,0.0,60.0,1.0,,82,South
2022,พัทลุง,44.0,11.0,149.0,1120.0,203563.0,68027.0,30.0,95.0,2.0,0.0,0.0,35345.0,0.0,106063.0,32271.0,694.0,565.0,97.0,,93,South
2022,พิจิตร,106.0,12.0,261.0,857.0,7672.0,5698.0,0.0,0.0,0.0,0.0,0.0,4697.0,0.0,66225.0,0.0,73.0,99.0,14.0,,66,North
2022,พิษณุโลก,58.0,9.0,218.0,795.0,5566.0,14810.0,0.0,22.0,3.0,0.0,0.0,4315.0,0.0,105195.0,3501.0,585.0,173.0,13.0,,65,North
2022,ภูเก็ต,28.0,3.0,50.0,127.0,843.0,184.0,0.0,0.0,0.0,0.0,0.0,56.0,0.0,0.0,0.0,0.0,46.0,1.0,,83,South
2022,มหาสารคาม,26.0,9.0,126.0,898.0,55243.0,21547.0,1539.0,522.0,11.0,0.0,0.0,12773.0,0.0,462580.0,1055.0,510.0,229.0,86.0,,44,Northeast
2022,มุกดาหาร,15.0,5.0,17.0,43.0,330.0,161.0,0.0,0.0,0.0,0.0,0.0,39.0,1.0,45.0,0.0,0.0,35.0,2.0,,49,Northeast
2022,ยะลา,58.0,8.0,191.0,689.0,67083.0,18384.0,167.0,58.0,5.0,0.0,1.0,184.0,0.0,2070.0,33.0,23.0,79.0,30.0,,95,South
2022,ยโสธร,10.0,6.0,32.0,144.0,3099.0,8096.0,36.0,11.0,0.0,0.0,0.0,11.0,0.0,80061.0,0.0,0.0,4.0,0.0,,35,Northeast
2022,ระนอง,11.0,4.0,21.0,69.0,3722.0,1185.0,0.0,0.0,1.0,0.0,1.0,87.0,0.0,2.0,4.0,5.0,9.0,10.0,,85,South
2022,ระยอง,70.0,8.0,105.0,508.0,43432.0,26801.0,15.0,0.0,0.0,0.0,0.0,2406.0,0.0,2325.0,0.0,28.0,113.0,12.0,,21,East
2022,ราชบุรี,18.0,6.0,42.0,217.0,2128.0,3110.0,0.0,0.0,0.0,0.0,0.0,2136.0,0.0,836.0,0.0,0.0,14.0,9.0,,70,Central
2022,ร้อยเอ็ด,36.0,14.0,140.0,725.0,25064.0,9235.0,0.0,0.0,1.0,0.0,0.0,6.0,0.0,107831.0,3354.0,6929.0,2.0,1.0,,45,Northeast
2022,ลพบุรี,25.0,10.0,109.0,904.0,27370.0,30614.0,0.0,50.0,0.0,0.0,0.0,90.0,0.0,64627.0,5300.0,3176.0,156.0,2.0,,16,Central
2022,ลำปาง,126.0,13.0,281.0,1079.0,71414.0,42048.0,9.0,13.0,0.0,0.0,0.0,5372.0,1.0,17431.0,18159.0,244.0,451.0,358.0,,52,North
2022,ลำพูน,47.0,8.0,74.0,181.0,150.0,671.0,0.0,0.0,0.0,0.0,0.0,460.0,0.0,44.0,0.0,0.0,12.0,12.0,,51,North
2022,ศรีสะเกษ,42.0,17.0,97.0,494.0,36299.0,11301.0,2.0,2.0,0.0,0.0,0.0,287.0,0.0,95073.0,0.0,131.0,12.0,0.0,,33,Northeast
2022,สกลนคร,1.0,1.0,1.0,1.0,0.0,0.0,0.0,0.0,0.0,0.0,0.0,0.0,0.0,0.0,0.0,0.0,1.0,0.0,,47,Northeast
2022,สงขลา,58.0,14.0,238.0,1300.0,89846.0,31598.0,523.0,139.0,4.0,0.0,0.0,1550.0,0.0,4825.0,35.0,153.0,67.0,19.0,,90,South
2022,สตูล,22.0,7.0,44.0,237.0,12222.0,3570.0,0.0,0.0,0.0,0.0,0.0,972.0,0.0,0.0,0.0,0.0,5.0,0.0,,91,South
2022,สมุทรปราการ,6.0,4.0,21.0,207.0,9670.0,51072.0,0.0,0.0,0.0,0.0,0.0,9000.0,0.0,0.0,0.0,150.0,4.0,1.0,,11,Central
2022,สมุทรสงคราม,3.0,2.0,4.0,33.0,0.0,22.0,0.0,0.0,0.0,0.0,0.0,22.0,0.0,0.0,0.0,0.0,0.0,0.0,,75,Central
2022,สมุทรสาคร,9.0,3.0,29.0,178.0,289.0,1840.0,0.0,0.0,0.0,0.0,0.0,0.0,0.0,0.0,0.0,0.0,5.0,0.0,,74,Central
2022,สระบุรี,82.0,13.0,150.0,541.0,12452.0,6341.0,62.0,35.0,0.0,0.0,0.0,1718.0,0.0,9093.0,0.0,5.0,49.0,25.0,,19,Central
2022,สระแก้ว,41.0,9.0,88.0,457.0,6381.0,10042.0,2.0,1.0,0.0,0.0,0.0,685.0,0.0,80756.0,90.0,50.0,74.0,12.0,,27,East
2022,สิงห์บุรี,21.0,6.0,49.0,236.0,41911.0,14688.0,0.0,0.0,6.0,0.0,0.0,4177.0,0.0,4220.0,0.0,0.0,3.0,20.0,,17,Central
2022,สุพรรณบุรี,40.0,9.0,85.0,391.0,67344.0,23154.0,0.0,0.0,0.0,0.0,0.0,7231.0,0.0,22120.0,18000.0,1.0,13.0,5.0,,72,Central
2022,สุราษฎร์ธานี,73.0,16.0,135.0,762.0,105734.0,36971.0,45.0,0.0,1.0,0.0,0.0,228.0,0.0,572.0,1.0,7.0,516.0,13.0,,84,South
2022,สุรินทร์,42.0,16.0,170.0,1135.0,0.0,0.0,0.0,0.0,2.0,0.0,1.0,52.0,0.0,176438.0,0.0,136.0,35.0,11.0,,32,Northeast
2022,สุโขทัย,116.0,9.0,229.0,771.0,37654.0,18734.0,0.0,0.0,1.0,0.0,0.0,1165.0,0.0,82796.0,49251.0,284.0,215.0,30.0,,64,North
2022,หนองคาย,13.0,6.0,30.0,90.0,0.0,0.0,0.0,0.0,0.0,0.0,0.0,40.0,0.0,0.0,0.0,0.0,0.0,0.0,,43,Northeast
2022,หนองบัวลำภู,47.0,6.0,136.0,813.0,9923.0,4940.0,26.0,12.0,0.0,0.0,0.0,1917.0,0.0,31317.0,1035.0,279.0,23.0,14.0,,39,Northeast
2022,อำนาจเจริญ,13.0,7.0,61.0,441.0,17475.0,18958.0,0.0,0.0,0.0,0.0,0.0,8.0,0.0,25832.0,0.0,0.0,38.0,0.0,,37,Northeast
2022,อุดรธานี,15.0,8.0,39.0,193.0,4396.0,1531.0,0.0,0.0,0.0,0.0,5.0,43.0,0.0,15618.0,0.0,231.0,64.0,1.0,,41,Northeast
2022,อุตรดิตถ์,31.0,9.0,86.0,494.0,26046.0,9019.0,56.0,20.0,0.0,0.0,0.0,1393.0,0.0,42639.0,844.0,362.0,221.0,89.0,,53,North
2022,อุทัยธานี,21.0,8.0,85.0,678.0,13120.0,12687.0,0.0,0.0,0.0,0.0,0.0,685.0,0.0,74520.0,6801.0,173.0,69.0,56.0,,61,Central
2022,อุบลราชธานี,50.0,18.0,122.0,739.0,100001.0,40441.0,19366.0,6431.0,0.0,0.0,0.0,4355.0,0.0,357319.0,15722.0,0.0,75.0,50.0,,34,Northeast
2022,อ่างทอง,72.0,7.0,161.0,407.0,1114.0,403.0,0.0,0.0,0.0,0.0,0.0,347.0,0.0,30.0,0.0,0.0,0.0,0.0,,15,Central
2022,เชียงราย,264.0,18.0,472.0,2931.0,169946.0,67846.0,42.0,26.0,2.0,0.0,0.0,5991.0,0.0,120014.0,937.0,1484.0,830.0,265.0,,57,North
2022,เชียงใหม่,319.0,24.0,578.0,3292.0,693483.0,225446.0,3.0,249.0,0.0,0.0,0.0,26256.0,0.0,55717.0,183.0,453.0,1905.0,754.0,,50,North
2022,เพชรบุรี,11.0,5.0,28.0,164.0,391.0,157.0,0.0,0.0,0.0,0.0,0.0,4.0,0.0,470.0,0.0,0.0,3.0,0.0,,76,South
2022,เพชรบูรณ์,50.0,9.0,130.0,424.0,18738.0,7593.0,0.0,30.0,3.0,0.0,1.0,6899.0,0.0,13971.0,5181.0,5.0,31.0,10.0,,67,North
2022,เลย,83.0,12.0,187.0,993.0,83385.0,22470.0,30.0,21.0,3.0,0.0,0.0,3078.0,0.0,7958.0,0.0,751.0,191.0,19.0,,42,Northeast
2022,แพร่,31.0,8.0,53.0,189.0,1196.0,1381.0,0.0,0.0,1.0,0.0,0.0,156.0,0.0,1872.0,0.0,26.0,47.0,11.0,,54,North
2022,แม่ฮ่องสอน,35.0,7.0,92.0,428.0,53075.0,17411.0,0.0,0.0,1.0,0.0,0.0,97.0,2.0,1930.0,140.0,9.0,109.0,27.0,,58,North
2023,กระบี่,14.0,5.0,8.0,14.0,12.0,4.0,0.0,0.0,0.0,0.0,0.0,24.0,0.0,0.0,4.0,0.0,12.0,0.0,,81,South
2023,กรุงเทพมหานคร,17.0,13.0,17.0,17.0,51.0,17.0,0.0,0.0,0.0,0.0,0.0,0.0,0.0,0.0,0.0,0.0,24.0,0.0,,10,Central
2023,กาญจนบุรี,148.0,7.0,21.0,114.0,6002.0,1688.0,0.0,0.0,0.0,0.0,0.0,404.0,0.0,1650.0,0.0,0.0,206.0,1.0,,71,Central
2023,กาฬสินธุ์,1268.0,17.0,108.0,878.0,108186.0,39521.0,0.0,0.0,1.0,0.0,0.0,943.0,5.0,118052.9,0.0,496.0,419.0,113.0,,46,Northeast
2023,กำแพงเพชร,540.0,10.0,63.0,501.0,120.0,40.0,0.0,0.0,0.0,0.0,0.0,291.0,0.0,51640.0,0.0,8.0,281.0,11.0,,62,North
2023,ขอนแก่น,813.0,20.0,103.0,771.0,3823.0,1174.0,0.0,0.0,0.0,0.0,0.0,557.0,20.0,68099.0,9.0,361.0,68.0,21.0,,40,Northeast
2023,จันทบุรี,275.0,7.0,32.0,170.0,17404.0,5751.0,0.0,0.0,4.0,0.0,2.0,199.0,0.0,7428.0,0.0,1.0,9.0,0.0,,22,East
2023,ฉะเชิงเทรา,265.0,5.0,19.0,207.0,120.0,40.0,0.0,0.0,0.0,0.0,0.0,1595.0,0.0,0.0,0.0,0.0,0.0,0.0,,24,East
2023,ชลบุรี,14.0,4.0,7.0,14.0,305.0,96.0,0.0,0.0,0.0,0.0,0.0,76.0,0.0,59.0,0.0,0.0,1.0,12.0,,20,East
2023,ชัยภูมิ,729.0,11.0,67.0,659.0,264.0,88.0,0.0,0.0,0.0,0.0,0.0,49.0,0.0,110.0,0.0,0.0,5.0,5.0,,36,Northeast
2023,ชุมพร,736.0,8.0,49.0,458.0,19581.0,6254.0,0.0,0.0,2.0,0.0,0.0,463.0,1.0,2040.0,345.0,145.0,606.0,59.0,,86,South
2023,ตรัง,272.0,8.0,41.0,205.0,708.0,236.0,0.0,0.0,0.0,0.0,0.0,31.0,0.0,0.0,0.0,0.0,2.0,5.0,,92,South
2023,ตราด,159.0,4.0,18.0,81.0,3077.0,1154.0,0.0,0.0,0.0,0.0,0.0,889.0,0.0,27.0,0.0,2.0,0.0,5.0,,23,East
2023,ตาก,361.0,9.0,51.0,291.0,4008.0,1539.0,0.0,0.0,0.0,0.0,0.0,0.0,0.0,101.0,0.0,10.0,12.0,2.0,,63,North
2023,นครนายก,247.0,4.0,32.0,239.0,3.0,1.0,0.0,0.0,0.0,0.0,0.0,0.0,0.0,0.0,0.0,0.0,1.0,0.0,,26,East
2023,นครปฐม,219.0,5.0,43.0,204.0,8020.0,2999.0,0.0,0.0,0.0,0.0,0.0,669.0,0.0,268.3,0.0,1.0,17.0,84.0,,73,Central
2023,นครพนม,577.0,12.0,78.0,544.0,30726.0,10242.0,0.0,0.0,0.0,0.0,0.0,0.0,0.0,52364.0,10.0,175.0,43.0,0.0,,48,Northeast
2023,นครราชสีมา,496.0,21.0,92.0,398.0,756.0,252.0,0.0,0.0,0.0,0.0,0.0,10457.0,0.0,35067.8,1038.0,174.3,20.0,17.0,,30,Northeast
2023,นครศรีธรรมราช,846.0,21.0,103.0,750.0,19101.0,6515.0,0.0,0.0,0.0,0.0,0.0,152.0,0.0,3030.0,60.0,130.0,275.0,32.0,,80,South
2023,นครสวรรค์,66.0,4.0,13.0,48.0,369.0,123.0,0.0,0.0,0.0,0.0,0.0,47.0,0.0,2349.0,0.0,7.0,0.0,0.0,,60,Central
2023,นราธิวาส,789.0,13.0,76.0,646.0,306012.0,78846.0,0.0,0.0,15.0,1.0,0.0,6981.0,0.0,0.0,4.0,0.0,6.0,6.0,,96,South
2023,น่าน,342.0,13.0,58.0,316.0,63.0,21.0,0.0,0.0,0.0,0.0,0.0,75.0,2.0,7.0,0.0,0.0,6.0,0.0,,55,North
2023,บึงกาฬ,348.0,8.0,43.0,347.0,870.0,290.0,0.0,0.0,0.0,0.0,0.0,0.0,0.0,970.0,95.0,30.0,3.0,0.0,,38,Northeast
2023,บุรีรัมย์,248.0,11.0,44.0,248.0,699.0,233.0,0.0,0.0,0.0,0.0,0.0,0.0,0.0,33185.9,0.0,0.0,0.0,0.0,,31,Northeast
2023,ปทุมธานี,129.0,5.0,15.0,126.0,732.0,244.0,0.0,0.0,0.0,0.0,0.0,90.0,0.0,303.0,10.0,1.0,0.0,0.0,,13,Central
2023,ประจวบคีรีขันธ์,18.0,1.0,3.0,16.0,1443.0,631.0,0.0,0.0,0.0,0.0,0.0,10.0,0.0,51.0,400.0,0.0,20.0,0.0,,77,South
2023,ปราจีนบุรี,228.0,6.0,27.0,170.0,14668.0,4904.0,0.0,0.0,0.0,0.0,0.0,2055.0,0.0,530.0,0.0,2.0,5.0,2.0,,25,East
2023,ปัตตานี,313.0,9.0,58.0,292.0,6364.0,1834.0,0.0,0.0,2.0,0.0,0.0,13966.0,0.0,1295.0,39.0,1504.0,1.0,3.0,,94,South
2023,พระนครศรีอยุธยา,469.0,7.0,82.0,469.0,51.0,17.0,0.0,0.0,0.0,0.0,0.0,0.0,0.0,179.4,0.0,0.0,0.0,0.0,,14,Central
2023,พะเยา,120.0,8.0,20.0,100.0,398.0,271.0,0.0,0.0,4.0,1.0,0.0,64.0,1.0,695.2,86.0,714.4,8.0,14.0,,56,North
2023,พังงา,93.0,5.0,21.0,79.0,114.0,38.0,0.0,0.0,0.0,0.0,0.0,585.0,0.0,0.0,0.0,0.0,6.0,1.0,,82,South
2023,พัทลุง,531.0,10.0,57.0,527.0,36.0,12.0,0.0,0.0,0.0,0.0,0.0,1809.0,0.0,250.0,0.0,0.0,178.0,1.0,,93,South
2023,พิจิตร,350.0,12.0,55.0,325.0,9.0,3.0,0.0,0.0,0.0,0.0,0.0,0.0,0.0,459.0,0.0,0.0,0.0,0.0,,66,North
2023,พิษณุโลก,446.0,9.0,57.0,329.0,7541.0,3424.0,0.0,0.0,2.0,0.0,0.0,1019.0,0.0,8885.7,0.0,39.0,126.0,3.0,,65,North
2023,ภูเก็ต,1.0,1.0,1.0,1.0,150.0,50.0,0.0,0.0,0.0,0.0,0.0,4.0,0.0,0.0,0.0,0.0,0.0,0.0,,83,South
2023,มหาสารคาม,387.0,5.0,44.0,384.0,1218.0,582.0,0.0,0.0,0.0,0.0,0.0,196.0,0.0,73556.4,0.0,214.3,14.0,0.0,,44,Northeast
2023,มุกดาหาร,334.0,7.0,39.0,325.0,1678.0,350.0,0.0,0.0,1.0,0.0,0.0,0.0,0.0,4361.5,0.0,272.5,20.0,1.0,,49,Northeast
2023,ยะลา,477.0,8.0,56.0,355.0,3511.0,1171.0,20.0,6.0,5.0,0.0,2.0,21480.0,0.0,1410.5,0.0,164.0,67.0,142.0,,95,South
2023,ยโสธร,438.0,9.0,62.0,436.0,33.0,11.0,0.0,0.0,0.0,0.0,0.0,0.0,0.0,130086.3,0.0,30.0,45.0,0.0,,35,Northeast
2023,ระนอง,119.0,4.0,20.0,98.0,15722.0,4215.0,0.0,0.0,0.0,0.0,0.0,4609.0,0.0,0.0,20000.0,1.0,2.0,10.0,,85,South
2023,ระยอง,115.0,8.0,23.0,103.0,2589.0,1607.0,0.0,0.0,0.0,0.0,0.0,81.0,0.0,376.0,0.0,0.0,22.0,9.0,,21,East
2023,ราชบุรี,6.0,3.0,3.0,6.0,9.0,3.0,0.0,0.0,0.0,0.0,0.0,31.0,0.0,0.0,0.0,0.0,0.0,0.0,,70,Central
2023,ร้อยเอ็ด,585.0,14.0,69.0,582.0,18652.0,6819.0,0.0,0.0,2.0,0.0,0.0,64.0,0.0,64964.8,0.0,84.6,9.0,0.0,,45,Northeast
2023,ลพบุรี,95.0,3.0,11.0,95.0,15.0,5.0,0.0,0.0,0.0,0.0,0.0,0.0,0.0,5077.8,0.0,0.0,0.0,0.0,,16,Central
2023,ลำปาง,606.0,13.0,66.0,479.0,34385.0,11556.0,0.0,0.0,0.0,0.0,0.0,7371.0,1.0,3240.2,96371.0,24.0,130.0,63.0,,52,North
2023,ลำพูน,315.0,7.0,37.0,283.0,6.0,2.0,0.0,0.0,0.0,0.0,0.0,43.0,0.0,0.0,0.0,0.0,0.0,0.0,,51,North
2023,ศรีสะเกษ,52.0,7.0,15.0,46.0,33.0,11.0,0.0,0.0,0.0,0.0,0.0,3.0,0.0,4637.0,0.0,0.0,0.0,0.0,,33,Northeast
2023,สกลนคร,560.0,16.0,95.0,558.0,33676.0,11086.0,0.0,0.0,0.0,0.0,0.0,126.0,2.0,73181.2,0.0,52.0,27.0,0.0,,47,Northeast
2023,สงขลา,519.0,16.0,83.0,486.0,12594.0,4237.0,0.0,0.0,1.0,0.0,1.0,226.0,0.0,0.0,0.0,0.0,7.0,6.0,,90,South
2023,สตูล,277.0,7.0,29.0,171.0,1123.0,371.0,0.0,0.0,0.0,0.0,0.0,130.0,0.0,36.0,0.0,4.0,1.0,0.0,,91,South
2023,สมุทรปราการ,57.0,3.0,10.0,57.0,6663.0,2221.0,0.0,0.0,0.0,0.0,0.0,123.0,0.0,0.0,0.0,0.0,3.0,0.0,,11,Central
2023,สมุทรสาคร,36.0,3.0,9.0,34.0,145.0,51.0,0.0,0.0,0.0,0.0,0.0,385.0,0.0,100.0,0.0,0.0,6.0,0.0,,74,Central
2023,สระบุรี,218.0,9.0,36.0,184.0,123.0,41.0,0.0,0.0,0.0,0.0,0.0,473.0,0.0,11385.1,0.0,55.3,8.0,2.0,,19,Central
2023,สระแก้ว,83.0,3.0,12.0,80.0,4647.0,1544.0,0.0,0.0,0.0,0.0,0.0,15.0,0.0,3207.0,0.0,2.3,23.0,5.0,,27,East
2023,สุพรรณบุรี,171.0,4.0,21.0,121.0,81.0,27.0,0.0,0.0,0.0,0.0,0.0,14639.0,0.0,0.0,0.0,0.0,2.0,0.0,,72,Central
2023,สุราษฎร์ธานี,185.0,9.0,33.0,154.0,8154.0,4152.0,0.0,0.0,0.0,0.0,0.0,78.0,0.0,6830.0,100.0,0.0,12.0,0.0,,84,South
2023,สุรินทร์,71.0,7.0,20.0,71.0,126.0,42.0,0.0,0.0,0.0,0.0,0.0,15.0,0.0,150.0,0.0,0.0,12.0,0.0,,32,Northeast
2023,สุโขทัย,932.0,9.0,84.0,690.0,50999.0,24067.0,0.0,0.0,1.0,0.0,0.0,2845.0,2.0,204280.0,933.0,184.5,370.0,28.0,,64,North
2023,หนองคาย,169.0,7.0,24.0,115.0,0.0,0.0,0.0,0.0,0.0,0.0,0.0,0.0,0.0,0.0,0.0,0.0,0.0,0.0,,43,Northeast
2023,หนองบัวลำภู,577.0,6.0,51.0,399.0,282.0,128.0,0.0,0.0,0.0,0.0,0.0,518.0,1.0,30318.2,0.0,28.0,37.0,8.0,,39,Northeast
2023,อำนาจเจริญ,399.0,7.0,51.0,388.0,0.0,0.0,0.0,0.0,0.0,0.0,0.0,0.0,0.0,0.0,0.0,0.0,0.0,0.0,,37,Northeast
2023,อุดรธานี,792.0,19.0,109.0,718.0,0.0,140.0,0.0,0.0,0.0,0.0,0.0,0.0,0.0,0.0,0.0,0.0,2.0,0.0,,41,Northeast
2023,อุตรดิตถ์,288.0,9.0,42.0,249.0,19962.0,6654.0,0.0,0.0,0.0,0.0,0.0,1629.0,0.0,24992.4,2093.0,140.2,60.0,14.0,,53,North
2023,อุทัยธานี,21.0,4.0,4.0,21.0,9.0,3.0,0.0,0.0,0.0,0.0,0.0,0.0,0.0,500.0,0.0,0.0,0.0,0.0,,61,Central
2023,อุบลราชธานี,666.0,13.0,80.0,552.0,2961.0,987.0,0.0,0.0,1.0,0.0,0.0,119.0,0.0,8073.3,0.0,0.0,1.0,0.0,,34,Northeast
2023,อ่างทอง,100.0,5.0,24.0,74.0,63.0,21.0,0.0,0.0,0.0,0.0,0.0,33.0,0.0,2999.1,0.0,0.0,0.0,0.0,,15,Central
2023,เชียงราย,578.0,14.0,60.0,387.0,50598.0,16866.0,0.0,0.0,0.0,0.0,0.0,855.0,1.0,4359.0,1.0,70.0,174.0,84.0,,57,North
2023,เชียงใหม่,1248.0,23.0,104.0,744.0,267035.0,122504.0,0.0,0.0,0.0,0.0,0.0,967.0,0.0,7585.0,4.0,38.0,951.0,185.0,,50,North
2023,เพชรบุรี,5.0,1.0,1.0,5.0,1100.0,270.0,0.0,0.0,0.0,0.0,0.0,0.0,0.0,25.0,0.0,0.0,1.0,18.0,,76,South
2023,เพชรบูรณ์,436.0,8.0,64.0,414.0,399.0,133.0,0.0,0.0,1.0,0.0,0.0,1558.0,0.0,9604.0,297.0,237.0,5.0,0.0,,67,North
2023,เลย,268.0,10.0,42.0,221.0,13950.0,4044.0,0.0,0.0,0.0,0.0,0.0,3271.0,3.0,5537.0,6.0,130.0,72.0,13.0,,42,Northeast
2023,แพร่,414.0,8.0,50.0,350.0,13794.0,4598.0,0.0,0.0,0.0,0.0,0.0,680.0,0.0,2905.0,150.0,268.0,203.0,70.0,,54,North
2023,แม่ฮ่องสอน,109.0,7.0,26.0,102.0,48.0,16.0,0.0,0.0,0.0,1.0,0.0,9.0,0.0,10.0,0.0,0.0,17.0,10.0,,58,North
2024,กระบี่,42.0,7.0,18.0,41.0,225.0,69.0,0.0,0.0,0.0,0.0,1.0,169.0,0.0,102.2,2.0,4.0,2.0,10.0,,81,South
2024,กรุงเทพมหานคร,3.0,3.0,3.0,3.0,0.0,0.0,0.0,0.0,0.0,0.0,0.0,0.0,0.0,0.0,0.0,0.0,3.0,0.0,,10,Central
2024,กาญจนบุรี,464.0,11.0,45.0,345.0,8753.0,3924.0,0.0,0.0,0.0,0.0,0.0,286.0,0.0,7968.5,0.0,1079.0,20.0,5.0,,71,Central
2024,กาฬสินธุ์,477.0,14.0,58.0,355.0,23254.0,17388.0,0.0,0.0,0.0,0.0,0.0,81.0,0.0,59665.3,0.0,87.3,126.0,10.0,,46,Northeast
2024,กำแพงเพชร,173.0,9.0,37.0,168.0,5746.0,1510.0,0.0,0.0,0.0,0.0,0.0,124.0,0.0,10567.0,0.0,11.0,76.0,4.0,,62,North
2024,ขอนแก่น,615.0,18.0,93.0,575.0,34166.0,11354.0,0.0,0.0,1.0,0.0,0.0,1363.0,20.0,70420.8,0.0,219.0,104.0,11.0,,40,Northeast
2024,จันทบุรี,427.0,9.0,45.0,330.0,1527.0,785.0,0.0,0.0,2.0,0.0,0.0,12.0,0.0,1247.0,0.0,0.0,3.0,129.0,,22,East
2024,ฉะเชิงเทรา,12.0,2.0,4.0,12.0,0.0,0.0,0.0,0.0,0.0,0.0,0.0,0.0,0.0,0.0,0.0,0.0,0.0,0.0,,24,East
2024,ชลบุรี,114.0,5.0,12.0,61.0,600.0,204.0,0.0,0.0,0.0,0.0,1.0,116.0,0.0,21.0,0.0,0.0,35.0,0.0,,20,East
2024,ชัยนาท,103.0,6.0,23.0,76.0,2383.0,1074.0,0.0,0.0,0.0,0.0,0.0,1071.0,0.0,421.0,0.0,0.0,0.0,0.0,,18,Central
2024,ชัยภูมิ,334.0,9.0,51.0,323.0,0.0,0.0,0.0,0.0,0.0,0.0,0.0,17.0,0.0,0.0,0.0,0.0,0.0,0.0,,36,Northeast
2024,ชุมพร,893.0,8.0,64.0,721.0,98227.0,28838.0,37.0,18.0,2.0,0.0,0.0,181.0,0.0,34535.0,1145.0,41.0,721.0,73.0,,86,South
2024,ตรัง,206.0,10.0,39.0,153.0,4435.0,1521.0,0.0,0.0,1.0,0.0,0.0,137.0,0.0,1574.5,20.0,36.0,19.0,13.0,,92,South
2024,ตราด,205.0,4.0,24.0,148.0,1310.0,559.0,0.0,0.0,0.0,0.0,0.0,9.0,0.0,127.0,37009.0,34.0,19.0,4.0,,23,East
2024,ตาก,655.0,9.0,48.0,393.0,36883.0,8653.0,50.0,16.0,0.0,0.0,1.0,2889.0,1.0,2504.9,0.0,37.0,58.0,9.0,,63,North
2024,นครนายก,117.0,4.0,17.0,106.0,133.0,45.0,0.0,0.0,0.0,0.0,0.0,0.0,4.0,243.0,0.0,12.0,12.0,0.0,,26,East
2024,นครปฐม,591.0,6.0,67.0,472.0,14796.0,6684.0,0.0,0.0,0.0,0.0,0.0,2134.0,0.0,2018.25,0.0,10.0,9.0,2.0,,73,Central
2024,นครพนม,244.0,10.0,44.0,240.0,3815.0,1310.0,0.0,0.0,0.0,0.0,0.0,21.0,0.0,31046.0,0.0,85.0,3.0,0.0,,48,Northeast
2024,นครราชสีมา,189.0,14.0,52.0,171.0,3102.0,1599.0,0.0,0.0,0.0,0.0,0.0,2676.0,0.0,5877.0,0.0,30.0,29.0,0.0,,30,Northeast
2024,นครศรีธรรมราช,1541.0,22.0,131.0,1113.0,364107.0,140993.0,0.0,0.0,12.0,0.0,1.0,27.0,0.0,1750.0,0.0,0.0,70.0,29.0,,80,South
2024,นครสวรรค์,542.0,10.0,64.0,446.0,15125.0,6287.0,0.0,0.0,0.0,0.0,0.0,4180.0,0.0,35993.6,0.0,689.2,19.0,10.0,,60,Central
2024,นนทบุรี,8.0,1.0,1.0,8.0,0.0,0.0,0.0,0.0,0.0,0.0,0.0,1.0,0.0,0.0,0.0,0.0,0.0,0.0,,12,Central
2024,นราธิวาส,818.0,13.0,76.0,669.0,365873.0,99506.0,367.0,139.0,4.0,0.0,0.0,957.0,0.0,0.0,1.0,0.0,0.0,3.0,,96,South
2024,น่าน,347.0,15.0,63.0,300.0,300.0,100.0,0.0,0.0,3.0,0.0,0.0,170.0,0.0,133.0,0.0,0.0,20.0,0.0,,55,North
2024,บึงกาฬ,527.0,8.0,42.0,280.0,997.0,333.0,0.0,0.0,0.0,0.0,0.0,0.0,0.0,0.0,0.0,0.0,0.0,0.0,,38,Northeast
2024,บุรีรัมย์,18.0,2.0,3.0,18.0,423.0,141.0,0.0,0.0,0.0,0.0,0.0,0.0,0.0,2109.0,0.0,0.0,0.0,0.0,,31,Northeast
2024,ปทุมธานี,41.0,1.0,6.0,27.0,127.0,46.0,0.0,0.0,0.0,0.0,0.0,7.0,0.0,0.0,0.0,0.0,0.0,0.0,,13,Central
2024,ปราจีนบุรี,325.0,6.0,35.0,226.0,11638.0,4097.0,0.0,0.0,0.0,0.0,0.0,495.0,2.0,5786.0,13.0,10.0,16.0,16.0,,25,East
2024,ปัตตานี,704.0,12.0,112.0,692.0,47861.0,32895.0,0.0,0.0,9.0,0.0,0.0,300.0,0.0,142.0,800.0,0.0,0.0,0.0,,94,South
2024,พระนครศรีอยุธยา,621.0,9.0,100.0,621.0,31803.0,10601.0,0.0,0.0,0.0,0.0,0.0,0.0,0.0,0.0,0.0,0.0,0.0,0.0,,14,Central
2024,พะเยา,1095.0,9.0,59.0,558.0,23125.0,18982.0,0.0,0.0,2.0,0.0,0.0,13782.0,14.0,82450.6,5062.0,2666.8,207.0,311.0,,56,North
2024,พังงา,33.0,4.0,18.0,31.0,207.0,69.0,0.0,0.0,0.0,0.0,0.0,76.0,0.0,0.0,0.0,0.0,9.0,0.0,,82,South
2024,พัทลุง,1173.0,11.0,65.0,688.0,357328.0,140142.0,0.0,0.0,3.0,0.0,0.0,207.0,2.0,34060.25,50744.0,151.0,613.0,149.0,,93,South
2024,พิจิตร,314.0,12.0,40.0,248.0,0.0,0.0,0.0,0.0,0.0,0.0,0.0,5044.0,0.0,17446.2,0.0,0.0,1.0,0.0,,66,North
2024,พิษณุโลก,593.0,9.0,70.0,382.0,15950.0,6348.0,0.0,0.0,1.0,0.0,0.0,3062.0,0.0,36920.4,0.0,196.0,62.0,5.0,,65,North
2024,ภูเก็ต,101.0,3.0,12.0,73.0,1335.0,445.0,0.0,0.0,0.0,0.0,0.0,40.0,0.0,0.0,0.0,0.0,2.0,0.0,,83,South
2024,มหาสารคาม,899.0,8.0,73.0,769.0,0.0,0.0,0.0,0.0,0.0,1.0,0.0,56.0,1.0,95599.9,0.0,0.0,75.0,0.0,,44,Northeast
2024,มุกดาหาร,26.0,5.0,14.0,26.0,66.0,27.0,0.0,0.0,0.0,0.0,0.0,0.0,0.0,518.0,0.0,0.0,1.0,0.0,,49,Northeast
2024,ยะลา,540.0,8.0,57.0,428.0,214597.0,71913.0,0.0,0.0,6.0,0.0,0.0,72726.0,0.0,1312.0,0.0,19.0,20.0,45.0,,95,South
2024,ยโสธร,161.0,8.0,32.0,161.0,0.0,0.0,0.0,0.0,0.0,0.0,0.0,2.0,0.0,38252.0,0.0,0.0,0.0,0.0,,35,Northeast
2024,ระนอง,64.0,3.0,15.0,62.0,2556.0,1228.0,0.0,0.0,0.0,0.0,0.0,0.0,0.0,0.0,0.0,0.0,0.0,0.0,,85,South
2024,ระยอง,167.0,6.0,19.0,112.0,69083.0,32612.0,0.0,0.0,0.0,0.0,0.0,1178.0,0.0,132.0,0.0,6.0,43.0,6.0,,21,East
2024,ราชบุรี,38.0,4.0,9.0,34.0,0.0,0.0,0.0,0.0,0.0,0.0,0.0,11.0,0.0,134.0,0.0,1.0,0.0,0.0,,70,Central
2024,ร้อยเอ็ด,497.0,15.0,67.0,418.0,0.0,0.0,0.0,0.0,0.0,0.0,0.0,0.0,0.0,127569.1,0.0,22.0,12.0,0.0,,45,Northeast
2024,ลำปาง,895.0,13.0,77.0,540.0,3685.0,2760.0,0.0,0.0,3.0,0.0,3.0,2080.0,0.0,29.5,0.0,0.0,4.0,16.0,,52,North
2024,ลำพูน,206.0,6.0,30.0,203.0,0.0,0.0,0.0,0.0,0.0,0.0,0.0,1935.0,0.0,50.0,0.0,0.0,2.0,0.0,,51,North
2024,ศรีสะเกษ,3.0,2.0,2.0,3.0,51.0,43.0,0.0,0.0,0.0,0.0,0.0,0.0,0.0,310.0,0.0,0.0,0.0,0.0,,33,Northeast
2024,สกลนคร,371.0,15.0,66.0,371.0,10812.0,7984.0,0.0,0.0,0.0,0.0,0.0,0.0,0.0,68251.8,0.0,0.0,0.0,0.0,,47,Northeast
2024,สงขลา,1436.0,16.0,119.0,1186.0,706442.0,367579.0,161.0,161.0,11.0,0.0,0.0,40.0,0.0,604.0,0.0,6.0,2.0,0.0,,90,South
2024,สตูล,342.0,7.0,28.0,189.0,46622.0,15925.0,0.0,0.0,0.0,0.0,0.0,0.0,0.0,4.75,0.0,0.0,3.0,0.0,,91,South
2024,สมุทรปราการ,1.0,1.0,1.0,1.0,0.0,0.0,0.0,0.0,0.0,0.0,0.0,0.0,0.0,0.0,0.0,0.0,0.0,0.0,,11,Central
2024,สมุทรสาคร,35.0,2.0,6.0,35.0,0.0,0.0,0.0,0.0,0.0,0.0,0.0,779.0,0.0,80.0,0.0,0.0,9.0,0.0,,74,Central
2024,สระบุรี,72.0,6.0,18.0,62.0,0.0,0.0,0.0,0.0,0.0,0.0,0.0,151.0,0.0,1830.0,0.0,0.0,10.0,0.0,,19,Central
2024,สระแก้ว,9.0,2.0,2.0,9.0,0.0,0.0,0.0,0.0,0.0,0.0,0.0,0.0,0.0,0.0,0.0,0.0,0.0,0.0,,27,East
2024,สิงห์บุรี,40.0,3.0,5.0,18.0,1589.0,598.0,0.0,0.0,0.0,0.0,0.0,598.0,0.0,0.0,0.0,0.0,0.0,0.0,,17,Central
2024,สุพรรณบุรี,704.0,10.0,89.0,599.0,0.0,0.0,0.0,0.0,0.0,0.0,0.0,12335.0,0.0,26418.9,53.0,503.5,46.0,5.0,,72,Central
2024,สุราษฎร์ธานี,1177.0,18.0,122.0,1057.0,69985.0,20069.0,0.0,0.0,1.0,0.0,0.0,93.0,0.0,4357.0,100.0,0.0,44.0,5.0,,84,South
2024,สุรินทร์,10.0,3.0,5.0,9.0,0.0,0.0,0.0,0.0,0.0,0.0,0.0,0.0,0.0,107.0,0.0,3.0,0.0,2.0,,32,Northeast
2024,สุโขทัย,691.0,9.0,68.0,483.0,51972.0,21514.0,0.0,0.0,3.0,0.0,0.0,6962.0,5.0,92433.1,4.0,47.0,178.0,19.0,,64,North
2024,หนองคาย,1007.0,9.0,58.0,563.0,5715.0,1905.0,0.0,0.0,0.0,0.0,0.0,0.0,0.0,0.0,0.0,0.0,6.0,0.0,,43,Northeast
2024,หนองบัวลำภู,197.0,6.0,35.0,179.0,3179.0,1592.0,0.0,0.0,0.0,0.0,2.0,116.0,2.0,15962.1,0.0,73.7,44.0,20.0,,39,Northeast
2024,อุดรธานี,1455.0,19.0,123.0,831.0,14714.0,4729.0,0.0,0.0,0.0,0.0,0.0,1199.0,0.0,0.0,0.0,0.0,14.0,7.0,,41,Northeast
2024,อุตรดิตถ์,388.0,8.0,46.0,302.0,15948.0,5316.0,0.0,0.0,0.0,0.0,0.0,748.0,10.0,37667.5,125.0,17.0,32.0,10.0,,53,North
2024,อุทัยธานี,278.0,6.0,28.0,204.0,627.0,316.0,0.0,0.0,0.0,0.0,0.0,10.0,0.0,2229.0,0.0,0.0,13.0,5.0,,61,Central
2024,อุบลราชธานี,305.0,12.0,47.0,263.0,6573.0,2191.0,0.0,0.0,0.0,0.0,0.0,147.0,0.0,7181.0,0.0,12.0,9.0,1.0,,34,Northeast
2024,อ่างทอง,127.0,6.0,25.0,103.0,3422.0,1332.0,0.0,0.0,0.0,0.0,0.0,1204.0,0.0,183.5,0.0,0.0,1.0,1.0,,15,Central
2024,เชียงราย,2503.0,18.0,120.0,1264.0,131021.0,45261.0,0.0,0.0,4.0,0.0,0.0,4312.0,93.0,144367.9,1654.0,1327.0,468.0,169.0,,57,North
2024,เชียงใหม่,3556.0,25.0,185.0,1674.0,856396.0,323535.0,0.0,0.0,8.0,0.0,1.0,137861.0,0.0,52912.4,1677.0,1783.0,1594.0,55.0,,50,North
2024,เพชรบูรณ์,632.0,11.0,75.0,472.0,15879.0,7912.0,0.0,0.0,0.0,0.0,0.0,3318.0,0.0,9889.5,1074.0,112.25,5.0,3.0,,67,North
2024,เลย,591.0,11.0,61.0,408.0,2621.0,1186.0,0.0,0.0,0.0,0.0,0.0,938.0,3.0,346.3,0.0,24.0,44.0,59.0,,42,Northeast
2024,แพร่,602.0,8.0,58.0,382.0,43063.0,18053.0,0.0,0.0,2.0,0.0,0.0,21804.0,2.0,13249.0,19.0,194.0,131.0,40.0,,54,North
2024,แม่ฮ่องสอน,191.0,7.0,28.0,135.0,0.0,0.0,0.0,0.0,0.0,0.0,0.0,33.0,11.0,265.0,0.0,0.0,13.0,5.0,,58,North
2025,กระบี่,5.0,4.0,8.0,18.0,45.0,15.0,0.0,0.0,0.0,0.0,0.0,71.0,0.0,0.0,0.0,0.0,6.0,0.0,,81,South
2025,กาญจนบุรี,25.0,12.0,34.0,255.0,13175.0,4667.0,0.0,0.0,0.0,0.0,0.0,417.0,0.0,8257.5,0.0,0.0,68.0,16.0,,71,Central
2025,กาฬสินธุ์,33.0,18.0,88.0,660.0,57965.0,23425.0,0.0,0.0,0.0,0.0,0.0,286.0,0.0,71412.19999999997,0.0,350.25,158.0,6.0,,46,Northeast
2025,กำแพงเพชร,26.0,8.0,51.0,487.0,0.0,13756.0,0.0,0.0,0.0,0.0,0.0,1482.0,2.0,70465.75,0.0,343.0,358.0,49.0,,62,North
2025,ขอนแก่น,22.0,16.0,85.0,724.0,30221.0,18436.0,0.0,0.0,4.0,0.0,0.0,658.0,1.0,96073.75,180.0,103.0,74.0,12.0,,40,Northeast
2025,จันทบุรี,19.0,9.0,34.0,179.0,2329.0,1637.0,0.0,0.0,0.0,0.0,0.0,27.0,0.0,407.25,0.0,0.0,19.0,12.0,,22,East
2025,ฉะเชิงเทรา,22.0,4.0,22.0,188.0,0.0,0.0,0.0,0.0,0.0,0.0,0.0,0.0,0.0,820.75,0.0,1.0,0.0,0.0,,24,East
2025,ชลบุรี,17.0,7.0,30.0,121.0,1650.0,2367.0,0.0,0.0,0.0,0.0,0.0,2136.0,0.0,1031.0,0.0,34.0,3.0,4.0,,20,East
2025,ชัยนาท,41.0,6.0,30.0,124.0,20105.0,7156.0,0.0,0.0,0.0,0.0,0.0,7094.0,1.0,1232.1,0.0,3.0,62.0,26.0,,18,Central
2025,ชัยภูมิ,22.0,13.0,70.0,618.0,0.0,706.0,0.0,0.0,1.0,0.0,0.0,192.0,0.0,60000.5,0.0,55.0,6.0,3.0,,36,Northeast
2025,ชุมพร,9.0,7.0,26.0,185.0,6925.0,2537.0,0.0,0.0,0.0,0.0,0.0,1211.0,0.0,1474.0,0.0,3.0,253.0,52.0,,86,South
2025,ตรัง,7.0,9.0,58.0,267.0,36463.0,12124.0,0.0,0.0,0.0,0.0,0.0,0.0,0.0,0.0,0.0,0.0,0.0,0.0,,92,South
2025,ตราด,9.0,5.0,11.0,37.0,0.0,338.0,0.0,0.0,0.0,0.0,0.0,9.0,0.0,0.0,0.0,1.0,3.0,7.0,,23,East
2025,ตาก,39.0,9.0,59.0,466.0,14424.0,7229.0,0.0,0.0,0.0,0.0,0.0,8354.0,0.0,17171.0,0.0,0.0,109.0,70.0,,63,North
2025,นครนายก,18.0,4.0,17.0,116.0,0.0,4087.0,0.0,0.0,0.0,0.0,0.0,0.0,0.0,62.0,0.0,7.0,13.0,2.0,,26,East
2025,นครปฐม,46.0,7.0,85.0,667.0,26363.0,9556.0,0.0,0.0,0.0,0.0,0.0,5036.0,0.0,1006.0,0.0,7.0,34.0,6.0,,73,Central
2025,นครพนม,5.0,12.0,83.0,510.0,0.0,0.0,0.0,0.0,0.0,0.0,0.0,0.0,0.0,34401.0,28.0,8.0,2.0,0.0,,48,Northeast
2025,นครราชสีมา,51.0,27.0,128.0,1025.0,29612.0,20735.0,0.0,0.0,2.0,0.0,0.0,1016.0,84.0,256488.2,33.0,231.0,280.0,51.0,,30,Northeast
2025,นครศรีธรรมราช,14.0,22.0,164.0,1484.0,915774.0,341509.0,0.0,0.0,11.0,0.0,0.0,7412.0,0.0,3214.0,0.0,16.0,92.0,86.0,,80,South
2025,นครสวรรค์,81.0,13.0,107.0,972.0,90847.0,39020.0,0.0,0.0,0.0,0.0,0.0,26696.0,0.0,219559.95,11185.0,923.5,226.0,15.0,,60,Central
2025,นนทบุรี,9.0,4.0,27.0,242.0,0.0,18029.0,0.0,0.0,0.0,0.0,0.0,0.0,0.0,0.0,0.0,0.0,0.0,0.0,,12,Central
2025,นราธิวาส,9.0,13.0,72.0,514.0,317719.0,93057.0,0.0,0.0,4.0,0.0,0.0,1056.0,0.0,4.0,1.0,0.0,24.0,76.0,,96,South
2025,น่าน,17.0,15.0,91.0,731.0,0.0,43397.0,0.0,0.0,5.0,1.0,0.0,16410.0,0.0,500.0,27.0,0.0,28.0,8.0,,55,North
2025,บึงกาฬ,5.0,7.0,35.0,274.0,0.0,0.0,0.0,0.0,0.0,0.0,0.0,0.0,0.0,19771.75,0.0,0.0,0.0,0.0,,38,Northeast
2025,บุรีรัมย์,9.0,10.0,53.0,273.0,5273.0,6303.0,0.0,0.0,0.0,0.0,0.0,187.0,0.0,55011.0,0.0,16.0,0.0,1.0,,31,Northeast
2025,ปทุมธานี,13.0,4.0,26.0,129.0,26057.0,10009.0,0.0,0.0,1.0,0.0,0.0,0.0,0.0,27.17,0.0,0.0,0.0,0.0,,13,Central
2025,ประจวบคีรีขันธ์,6.0,5.0,7.0,16.0,1511.0,594.0,0.0,0.0,0.0,0.0,0.0,51.0,0.0,1.0,0.0,0.0,7.0,2.0,,77,South
2025,ปราจีนบุรี,14.0,6.0,25.0,156.0,6127.0,2205.0,0.0,0.0,0.0,0.0,0.0,273.0,0.0,500.0,1.0,0.0,13.0,4.0,,25,East
2025,ปัตตานี,3.0,12.0,113.0,694.0,662690.0,192503.0,0.0,0.0,13.0,0.0,1.0,168959.0,0.0,0.0,0.0,0.0,0.0,0.0,,94,South
2025,พระนครศรีอยุธยา,11.0,13.0,161.0,1038.0,193330.0,70999.0,0.0,0.0,23.0,0.0,0.0,70990.0,0.0,30.75,0.0,0.0,23.0,45.0,,14,Central
2025,พะเยา,32.0,9.0,66.0,715.0,28462.0,17671.0,0.0,0.0,2.0,0.0,0.0,14213.0,0.0,16052.0,2054.0,597.0,238.0,33.0,,56,North
2025,พังงา,3.0,3.0,15.0,27.0,672.0,179.0,0.0,0.0,0.0,0.0,0.0,220.0,0.0,0.0,0.0,0.0,6.0,1.0,,82,South
2025,พัทลุง,9.0,11.0,65.0,715.0,486259.0,200443.0,0.0,0.0,6.0,0.0,0.0,41521.0,1.0,54658.5,2132596.0,332.0,640.0,174.0,,93,South
2025,พิจิตร,63.0,12.0,81.0,603.0,0.0,13570.0,0.0,0.0,0.0,0.0,0.0,12117.0,1.0,49129.499999999985,15.0,76.0,46.0,17.0,,66,North
2025,พิษณุโลก,56.0,9.0,90.0,692.0,0.0,11404.0,0.0,0.0,1.0,0.0,0.0,3427.0,3.0,104689.6,1869.0,172.5,137.0,41.0,,65,North
2025,ภูเก็ต,7.0,3.0,14.0,43.0,265.0,812.0,0.0,0.0,0.0,0.0,0.0,66.0,0.0,0.0,0.0,0.0,0.0,0.0,,83,South
2025,มหาสารคาม,9.0,7.0,54.0,492.0,0.0,0.0,0.0,0.0,0.0,0.0,0.0,81.0,0.0,73164.75,0.0,24.75,1.0,0.0,,44,Northeast
2025,มุกดาหาร,9.0,7.0,34.0,178.0,9016.0,7036.0,0.0,0.0,0.0,0.0,0.0,0.0,0.0,6013.5,0.0,48.0,38.0,0.0,,49,Northeast
2025,ยะลา,10.0,8.0,55.0,353.0,291626.0,95270.0,0.0,0.0,4.0,0.0,0.0,95270.0,0.0,15859.0,0.0,237.63,14.0,56.0,,95,South
2025,ยโสธร,13.0,9.0,55.0,332.0,32192.0,9866.0,0.0,0.0,11.0,0.0,0.0,120.0,0.0,105204.0,0.0,107.5,33.0,9.0,,35,Northeast
2025,ระนอง,5.0,1.0,2.0,12.0,598.0,169.0,0.0,0.0,0.0,0.0,0.0,0.0,0.0,0.0,0.0,0.0,4.0,0.0,,85,South
2025,ระยอง,12.0,5.0,19.0,102.0,25886.0,17221.0,0.0,0.0,0.0,0.0,0.0,7292.0,0.0,48.0,0.0,0.0,20.0,2.0,,21,East
2025,ราชบุรี,8.0,6.0,17.0,85.0,0.0,0.0,0.0,0.0,0.0,0.0,0.0,40.0,0.0,88.0,0.0,0.0,0.0,0.0,,70,Central
2025,ร้อยเอ็ด,19.0,16.0,87.0,576.0,0.0,14059.0,0.0,0.0,0.0,0.0,0.0,16.0,0.0,79006.4,0.0,234.45,33.0,2.0,,45,Northeast
2025,ลพบุรี,8.0,3.0,10.0,47.0,308.0,198.0,0.0,0.0,0.0,0.0,0.0,547.0,0.0,6024.0,0.0,0.0,0.0,0.0,,16,Central
2025,ลำปาง,44.0,13.0,66.0,484.0,22727.0,12577.0,0.0,0.0,1.0,0.0,0.0,3514.0,0.0,5542.0,564.0,47.0,209.0,252.0,,52,North
2025,ลำพูน,9.0,6.0,21.0,121.0,1983.0,926.0,0.0,0.0,2.0,0.0,0.0,499.0,2.0,840.2,0.0,0.0,28.0,1.0,,51,North
2025,ศรีสะเกษ,21.0,14.0,55.0,257.0,7267.0,5556.0,0.0,0.0,0.0,0.0,0.0,152.0,0.0,42700.15,0.0,89.0,45.0,7.0,,33,Northeast
2025,สกลนคร,15.0,17.0,94.0,641.0,21877.0,10780.0,0.0,0.0,0.0,0.0,0.0,0.0,0.0,178484.87999999992,0.0,157.0,17.0,8.0,,47,Northeast
2025,สงขลา,8.0,16.0,127.0,1239.0,1547674.0,654181.0,0.0,0.0,140.0,0.0,0.0,30040.0,0.0,46783.869999999995,5086.0,1663.0,851.0,457.0,,90,South
2025,สตูล,6.0,7.0,31.0,252.0,149878.0,45547.0,0.0,0.0,2.0,0.0,28.0,0.0,0.0,0.0,0.0,0.0,0.0,17.0,,91,South
2025,สมุทรปราการ,2.0,5.0,28.0,299.0,211928.0,106968.0,0.0,0.0,1.0,0.0,0.0,0.0,0.0,0.0,0.0,0.0,0.0,0.0,,11,Central
2025,สมุทรสาคร,5.0,2.0,5.0,24.0,0.0,0.0,0.0,0.0,0.0,0.0,0.0,1.0,0.0,0.0,0.0,0.0,3.0,0.0,,74,Central
2025,สระบุรี,12.0,9.0,28.0,143.0,0.0,0.0,0.0,0.0,0.0,0.0,0.0,652.0,1.0,1277.75,0.0,0.0,0.0,0.0,,19,Central
2025,สระแก้ว,5.0,3.0,10.0,64.0,986.0,621.0,0.0,0.0,0.0,0.0,0.0,90.0,0.0,278.0,0.0,5.0,54.0,10.0,,27,East
2025,สิงห์บุรี,43.0,5.0,23.0,127.0,22067.0,8009.0,0.0,0.0,3.0,0.0,0.0,8009.0,0.0,1048.2,1094.0,1003.34,0.0,0.0,,17,Central
2025,สุพรรณบุรี,42.0,10.0,84.0,625.0,68306.0,26712.0,0.0,0.0,8.0,0.0,0.0,24172.0,0.0,60159.25,0.0,980.0,104.0,1.0,,72,Central
2025,สุราษฎร์ธานี,23.0,17.0,91.0,610.0,120782.0,40826.0,0.0,0.0,3.0,0.0,0.0,1906.0,0.0,2015.0,36.0,30.0,398.0,10.0,,84,South
2025,สุรินทร์,17.0,14.0,93.0,757.0,9574.0,14696.0,0.0,0.0,0.0,0.0,0.0,664.0,0.0,81956.25,0.0,475.0,60.0,6.0,,32,Northeast
2025,สุโขทัย,69.0,9.0,84.0,775.0,193553.0,66012.0,0.0,0.0,0.0,0.0,0.0,26115.0,5.0,206211.8,4720.0,255.0,1020.0,168.0,,64,North
2025,หนองคาย,14.0,9.0,52.0,322.0,0.0,0.0,0.0,0.0,0.0,0.0,0.0,62.0,0.0,47228.99999999999,14.0,105.0,2.0,1.0,,43,Northeast
2025,หนองบัวลำภู,6.0,6.0,42.0,355.0,0.0,0.0,0.0,0.0,0.0,0.0,0.0,148.0,0.0,25252.0,106.0,20.0,183.0,2.0,,39,Northeast
2025,อำนาจเจริญ,9.0,7.0,43.0,278.0,8260.0,4195.0,0.0,0.0,0.0,0.0,0.0,28.0,0.0,22114.0,0.0,0.0,37.0,6.0,,37,Northeast
2025,อุดรธานี,13.0,12.0,73.0,497.0,25679.0,9526.0,0.0,0.0,2.0,0.0,0.0,7011.0,0.0,57884.0,0.0,327.0,1.0,1.0,,41,Northeast
2025,อุตรดิตถ์,37.0,9.0,63.0,520.0,37786.0,19241.0,0.0,59.0,9.0,1.0,0.0,5520.0,19.0,81384.1,303185.0,397.0,287.0,93.0,,53,North
2025,อุทัยธานี,26.0,8.0,58.0,422.0,14308.0,5453.0,0.0,0.0,0.0,0.0,0.0,721.0,0.0,40620.0,0.0,50.0,119.0,3.0,,61,Central
2025,อุบลราชธานี,17.0,19.0,95.0,571.0,90.0,22759.0,62.0,1144.0,0.0,0.0,0.0,0.0,0.0,142917.0,10560.0,57.5,0.0,0.0,,34,Northeast
2025,อ่างทอง,48.0,4.0,38.0,227.0,433.0,1798.0,0.0,0.0,0.0,0.0,0.0,899.0,0.0,1159.9,0.0,30.0,0.0,0.0,,15,Central
2025,เชียงราย,49.0,18.0,109.0,1187.0,142035.0,56736.0,236.0,59.0,0.0,0.0,0.0,3389.0,1.0,124818.89,3990.0,1961.0,338.0,181.0,,57,North
2025,เชียงใหม่,77.0,25.0,131.0,1146.0,523069.0,179593.0,0.0,0.0,6.0,2.0,4.0,8549.0,0.0,24012.2,400.0,97.0,1327.0,481.0,,50,North
2025,เพชรบูรณ์,28.0,11.0,92.0,676.0,91345.0,37185.0,0.0,0.0,3.0,0.0,0.0,418.0,0.0,18710.0,590.0,218.5,37.0,24.0,,67,North
2025,เลย,25.0,12.0,54.0,290.0,8248.0,2770.0,0.0,0.0,0.0,0.0,0.0,2704.0,12.0,3752.0,0.0,3.0,21.0,17.0,,42,Northeast
2025,แพร่,21.0,8.0,67.0,458.0,36513.0,14010.0,0.0,0.0,1.0,0.0,0.0,12215.0,0.0,12506.0,50.0,40.0,137.0,41.0,,54,North
2025,แม่ฮ่องสอน,16.0,7.0,42.0,277.0,50480.0,8782.0,0.0,0.0,3.0,1.0,0.0,1102.0,0.0,2951.0,1829.0,35.0,72.0,92.0,,58,North
